x,y
3450.0,6.2204259373483965e-236
3450.0488519785054,2.8366824043831364e-235
3450.0977039570103,1.290860073199778e-234
3450.1465559355156,5.86172555708324e-234
3450.1954079140205,2.656131984156821e-233
3450.244259892526,1.2010239745168412e-232
3450.2931118710308,5.419154769949863e-232
3450.341963849536,2.4399969442840128e-231
3450.390815828041,1.0962884990301896e-230
3450.4396678065464,4.915167007159649e-230
3450.4885197850513,2.1990218389130323e-229
3450.5373717635566,9.817448831010839e-229
3450.5862237420615,4.3736657342385164e-228
3450.635075720567,1.9443317380141338e-227
3450.683927699072,8.625275493632986e-227
3450.732779677577,3.818153778840448e-226
3450.781631656082,1.6865984011053882e-225
3450.8304836345874,7.434431735037438e-225
3450.8793356130923,3.2701049764265437e-224
3450.9281875915976,1.435335516617789e-223
3450.9770395701025,6.2867036120119296e-223
3451.025891548608,2.7477065919894507e-222
3451.074743527113,1.198382719541277e-221
3451.123595505618,5.215530989939537e-221
3451.172447484123,2.26505801434942e-220
3451.2212994626284,9.816076502837469e-220
3451.2701514411333,4.2449672218162275e-219
3451.3190034196386,1.8318442571636716e-218
3451.3678553981435,7.888247898144787e-218
3451.416707376649,3.3896148036947104e-217
3451.465559355154,1.4534427723770202e-216
3451.514411333659,6.219039487782834e-216
3451.563263312164,2.655378767724711e-215
3451.6121152906694,1.13137720883936e-214
3451.6609672691743,4.810233449837405e-214
3451.7098192476797,2.0408104072224454e-213
3451.7586712261846,8.640063650768812e-213
3451.80752320469,3.6501355796167465e-212
3451.856375183195,1.5387881032891388e-211
3451.9052271617,6.473310083173522e-211
3451.954079140205,2.7173887069621125e-210
3452.0029311187104,1.1382951432668358e-209
3452.0517830972153,4.758124024824526e-209
3452.1006350757207,1.9846978041755397e-208
3452.1494870542256,8.260964830231075e-208
3452.198339032731,3.431191104974148e-207
3452.247191011236,1.4221217832531863e-206
3452.296042989741,5.881748013941845e-206
3452.344894968246,2.4274694990878693e-205
3452.3937469467514,9.997211672099097e-205
3452.4425989252563,4.1084852208565206e-204
3452.4914509037617,1.6848541162876944e-203
3452.5403028822666,6.894783082001123e-203
3452.589154860772,2.8155071734067736e-202
3452.638006839277,1.147282562801815e-201
3452.686858817782,4.6651097852508535e-201
3452.735710796287,1.8929147794091357e-200
3452.7845627747924,7.664396617544205e-200
3452.8334147532973,3.0967246480504813e-199
3452.8822667318027,1.2485470704717314e-198
3452.9311187103076,5.023251873637549e-198
3452.979970688813,2.016706474414152e-197
3453.028822667318,8.079381765802258e-197
3453.077674645823,3.2299162665654904e-196
3453.126526624328,1.288493081485719e-195
3453.1753786028335,5.129211515013052e-195
3453.2242305813384,2.0374962278958263e-194
3453.2730825598437,8.076453597829669e-194
3453.3219345383486,3.1946425511308524e-193
3453.370786516854,1.260960607492895e-192
3453.419638495359,4.966591504511324e-192
3453.468490473864,1.9520594256746064e-191
3453.517342452369,7.656059428118692e-191
3453.5661944308745,2.99636849468586e-190
3453.6150464093794,1.1702073182390561e-189
3453.6638983878847,4.5604537517151515e-189
3453.7127503663896,1.7734990367589106e-188
3453.761602344895,6.882266881855131e-188
3453.8104543234,2.665076691588234e-187
3453.8593063019052,1.0298300432840396e-186
3453.90815828041,3.970992304794132e-186
3453.9570102589155,1.5279536207983817e-185
3454.005862237421,5.8667682562121787e-185
3454.0547142159257,2.247839644908501e-184
3454.103566194431,8.594277013055773e-184
3454.152418172936,3.278921307685403e-183
3454.2012701514413,1.248332454024535e-182
3454.2501221299462,4.742497894188058e-182
3454.2989741084516,1.797883912879919e-181
3454.3478260869565,6.801328587378103e-181
3454.396678065462,2.5674587523485897e-180
3454.4455300439668,9.671432321668454e-180
3454.494382022472,3.635429435883475e-179
3454.543234000977,1.3636353102488087e-178
3454.5920859794824,5.104090317586566e-178
3454.6409379579873,1.906408881261224e-177
3454.6897899364926,7.105445954333034e-177
3454.7386419149975,2.642677765393145e-176
3454.787493893503,9.807869072365737e-176
3454.8363458720078,3.6323081383809337e-175
3454.885197850513,1.3423577645651384e-174
3454.934049829018,4.950299126248088e-174
3454.9829018075234,1.821680332138476e-173
3455.0317537860283,6.689450690731672e-173
3455.0806057645336,2.451242628502778e-172
3455.1294577430385,8.963130036487486e-172
3455.178309721544,3.2704735615096677e-171
3455.227161700049,1.1908008424389033e-170
3455.276013678554,4.326584250875925e-170
3455.324865657059,1.5686596820093045e-169
3455.3737176355644,5.675313246738302e-169
3455.4225696140693,2.0489363617988057e-168
3455.4714215925746,7.3815000688405295e-168
3455.5202735710795,2.6536174128934945e-167
3455.569125549585,9.519398475232116e-167
3455.61797752809,3.40767539547672e-166
3455.666829506595,1.217263053813789e-165
3455.7156814851,4.3389851980802055e-165
3455.7645334636054,1.5433676700566246e-164
3455.8133854421103,5.478076924400326e-164
3455.8622374206157,1.9402797366432215e-163
3455.9110893991206,6.857693324640637e-163
3455.959941377626,2.4186290048164626e-162
3456.008793356131,8.51212387910967e-162
3456.057645334636,2.989400421665252e-161
3456.106497313141,1.0476295037754078e-160
3456.1553492916464,3.663606484228108e-160
3456.2042012701513,1.2784606994375555e-159
3456.2530532486567,4.451879552917171e-159
3456.3019052271616,1.546952169557302e-158
3456.350757205667,5.363988252128448e-158
3456.399609184172,1.8559924187564775e-157
3456.448461162677,6.408287996561728e-157
3456.497313141182,2.2079299149600776e-156
3456.5461651196874,7.591122170092719e-156
3456.5950170981923,2.604378542401131e-155
3456.6438690766977,8.916197135030138e-155
3456.6927210552026,3.0460192044578904e-154
3456.741573033708,1.0383960544587312e-153
3456.790425012213,3.532407791655095e-153
3456.839276990718,1.199101777901814e-152
3456.888128969223,4.061801197914423e-152
3456.9369809477284,1.3729625107172727e-151
3456.9858329262333,4.63101394497514e-151
3457.0346849047387,1.5587299800776706e-150
3457.0835368832436,5.235318086617504e-150
3457.132388861749,1.754658640256422e-149
3457.181240840254,5.868398276652359e-149
3457.230092818759,1.9585014334301725e-148
3457.278944797264,6.522372123229026e-148
3457.3277967757695,2.1675274906696813e-147
3457.3766487542744,7.187883218837111e-147
3457.4255007327797,2.3785635701481345e-146
3457.4743527112846,7.854270619643304e-146
3457.52320468979,2.588059766182747e-145
3457.572056668295,8.509814228838351e-145
3457.6209086468,2.792178575469821e-144
3457.669760625305,9.142050779676286e-144
3457.7186126038105,2.986904870589202e-143
3457.7674645823154,9.7381502460828e-143
3457.8163165608207,3.168172818219102e-142
3457.8651685393256,1.0285337906405458e-141
3457.914020517831,3.3320044120419275e-141
3457.962872496336,1.077134333462551e-140
3458.0117244748412,3.4746531874980657e-140
3458.0605764533466,1.1184854654047188e-139
3458.1094284318515,3.592745953161184e-139
3458.158280410357,1.1515954759618804e-138
3458.2071323888617,3.6834150926319314e-138
3458.255984367367,1.1756516106675206e-137
3458.304836345872,3.74441420849257e-137
3458.3536883243773,1.1900532152395804e-136
3458.4025403028822,3.774210602628794e-136
3458.4513922813876,1.1944366590211128e-135
3458.5002442598925,3.7720492788616414e-135
3458.549096238398,1.1886905940120693e-134
3458.5979482169028,3.737984736857522e-134
3458.646800195408,1.172960655599221e-133
3458.695652173913,3.672878688176031e-133
3458.7445041524184,1.1476433279416297e-132
3458.7933561309233,3.5783638280751266e-132
3458.8422081094286,1.1133693347672625e-131
3458.8910600879335,3.4567757894437863e-131
3458.939912066439,1.0709775269343324e-130
3458.9887640449438,3.311057237958001e-130
3459.037616023449,1.0214807758756582e-129
3459.086468001954,3.144639604962282e-129
3459.1353199804594,9.66025807996504e-129
3459.1841719589643,2.9613090881929046e-128
3459.2330239374696,9.058492003596734e-128
3459.2818759159745,2.76506420795565e-127
3459.33072789448,8.422318861373663e-127
3459.379579872985,2.559972357078064e-126
3459.42843185149,7.764544864494431e-126
3459.477283829995,2.3500324389938455e-125
3459.5261358085004,7.097556036685811e-125
3459.5749877870053,2.1390499016186147e-124
3459.6238397655106,6.43294902019893e-124
3459.6726917440155,1.930529330140832e-123
3459.721543722521,5.781223953047192e-123
3459.770395701026,1.7275883677678842e-122
3459.819247679531,5.151548954609922e-122
3459.868099658036,1.532895210286447e-121
3459.9169516365414,4.551600880632118e-121
3459.9658036150463,1.3486303890037167e-120
3460.0146555935517,3.98748228811402e-120
3460.0635075720566,1.1764721281128883e-119
3460.112359550562,3.4637103093175385e-119
3460.161211529067,1.0176033287133997e-118
3460.210063507572,2.9832696251429243e-118
3460.258915486077,8.727372595419972e-118
3460.3077674645824,2.5477191191792488e-117
3460.3566194430873,7.421583626995064e-117
3460.4054714215927,2.1573401622071536e-116
3460.4543234000976,6.257742218074666e-116
3460.503175378603,1.8113138140229818e-115
3460.552027357108,5.231746749374325e-115
3460.600879335613,1.5079144517587905e-114
3460.649731314118,4.336942491165685e-114
3460.6985832926234,1.2447083006133493e-113
3460.7474352711283,3.564744959882775e-113
3460.7962872496337,1.0187468759860437e-112
3460.8451392281386,2.9052335954609045e-112
3460.893991206644,8.267472507078413e-112
3460.942843185149,2.3476934488124908e-111
3460.991695163654,6.652531451332743e-111
3461.040547142159,1.881089231285848e-110
3461.0893991206644,5.3077292727264286e-110
3461.1382510991693,1.4944625157699995e-109
3461.1871030776747,4.19892560663018e-109
3461.2359550561796,1.1772486922026e-108
3461.284807034685,3.2936324160205435e-108
3461.33365901319,9.195151893669707e-108
3461.382510991695,2.5616485583201567e-107
3461.4313629702,7.121263222774929e-107
3461.4802149487055,1.9754742601007228e-106
3461.5290669272104,5.468428633568786e-106
3461.5779189057157,1.5105341602013588e-105
3461.6267708842206,4.163661117701293e-105
3461.675622862726,1.1452413280298011e-104
3461.724474841231,3.143369640684479e-104
3461.773326819736,8.609356550050415e-104
3461.822178798241,2.3530043134811004e-103
3461.8710307767465,6.417288049548901e-103
3461.9198827552514,1.7464538628798464e-102
3461.9687347337567,4.742850827262101e-102
3462.0175867122616,1.285282428598686e-101
3462.066438690767,3.475637092026412e-101
3462.1152906692723,9.378794420560942e-101
3462.164142647777,2.5254358481134636e-100
3462.2129946262826,6.785820828320675e-100
3462.2618466047875,1.8194710524238075e-99
3462.310698583293,4.868157474348031e-99
3462.3595505617977,1.2997528649175468e-98
3462.408402540303,3.462849660171189e-98
3462.457254518808,9.206258612740387e-98
3462.5061064973133,2.4423582918785257e-97
3462.5549584758182,6.465650742351986e-97
3462.6038104543236,1.7080153176902144e-96
3462.6526624328285,4.502439906942007e-96
3462.701514411334,1.1843517993085337e-95
3462.7503663898387,3.108781145561461e-95
3462.799218368344,8.142845437056714e-95
3462.848070346849,2.1283293840859434e-94
3462.8969223253544,5.55108770525399e-94
3462.9457743038593,1.444754068662221e-93
3462.9946262823646,3.752203143075234e-93
3463.0434782608695,9.724232405694162e-93
3463.092330239375,2.5147850928323617e-92
3463.1411822178798,6.489675413970988e-92
3463.190034196385,1.671173789652395e-91
3463.23888617489,4.294343568021282e-91
3463.2877381533954,1.1011550641992905e-90
3463.3365901319003,2.817582788748861e-90
3463.3854421104056,7.194181545703577e-90
3463.4342940889105,1.8330005381166132e-89
3463.483146067416,4.6603686683489654e-89
3463.531998045921,1.1823727909213064e-88
3463.580850024426,2.99340198252715e-88
3463.629702002931,7.562268764823771e-88
3463.6785539814364,1.9064069629397252e-87
3463.7274059599413,4.795739156614821e-87
3463.7762579384466,1.2038487097132751e-86
3463.8251099169515,3.0155371234483445e-86
3463.873961895457,7.537613174867631e-86
3463.922813873962,1.8800932964224388e-85
3463.971665852467,4.6795202755685737e-85
3464.020517830972,1.162250207495833e-84
3464.0693698094774,2.8805424992291514e-84
3464.1182217879823,7.124022568245554e-84
3464.1670737664876,1.758136619117993e-83
3464.2159257449925,4.329684742411268e-83
3464.264777723498,1.063986804601212e-82
3464.313629702003,2.609110716418281e-82
3464.362481680508,6.384473133021766e-82
3464.411333659013,1.5589561365785402e-81
3464.4601856375184,3.798560024624656e-81
3464.5090376160233,9.235923879839258e-81
3464.5578895945287,2.2408765837191167e-80
3464.6067415730336,5.425399989377106e-80
3464.655593551539,1.3107558490347747e-79
3464.704445530044,3.1600070599546947e-79
3464.753297508549,7.602046045130072e-79
3464.802149487054,1.8249422288531124e-78
3464.8510014655594,4.371635215587262e-78
3464.8998534440643,1.0449965779926157e-77
3464.9487054225697,2.4926538093577303e-77
3464.9975574010746,5.9331481986362744e-77
3465.04640937958,1.4092386532094435e-76
3465.095261358085,3.340104114255684e-76
3465.14411333659,7.899717423459896e-76
3465.192965315095,1.8644004134086432e-75
3465.2418172936004,4.390792292060597e-75
3465.2906692721053,1.031864452368076e-74
3465.3395212506107,2.4197943139907167e-74
3465.3883732291156,5.6625269450383576e-74
3465.437225207621,1.3222638572342862e-73
3465.486077186126,3.081072905352943e-73
3465.534929164631,7.164102837646936e-73
3465.583781143136,1.6622549038222767e-72
3465.6326331216414,3.8486586657305393e-72
3465.6814851001463,8.891952123964761e-72
3465.7303370786517,2.050032608714688e-71
3465.7791890571566,4.71628826631116e-71
3465.828041035662,1.0827191538837964e-70
3465.876893014167,2.480316990782467e-70
3465.925744992672,5.669887386850716e-70
3465.974596971177,1.2933543849793266e-69
3466.0234489496825,2.943991106104916e-69
3466.072300928188,6.686999332137871e-69
3466.1211529066927,1.5156603289623464e-68
3466.170004885198,3.4280590138809467e-68
3466.218856863703,7.736962345958524e-68
3466.2677088422083,1.7424825958449122e-67
3466.316560820713,3.915995387291945e-67
3466.3654127992186,8.781963657011338e-67
3466.4142647777235,1.9652455665017268e-66
3466.463116756229,4.3885163929046446e-66
3466.5119687347337,9.778997136206603e-66
3466.560820713239,2.174435807517918e-65
3466.609672691744,4.824746787329634e-65
3466.6585246702493,1.0682628017589344e-64
3466.7073766487542,2.3602462482252646e-64
3466.7562286272596,5.203698659284356e-64
3466.8050806057645,1.1448341049745234e-63
3466.85393258427,2.513324461518251e-63
3466.9027845627747,5.505922834213311e-63
3466.95163654128,1.203613994405888e-62
3467.000488519785,2.6255474143522847e-62
3467.0493404982903,5.715155007415722e-62
3467.0981924767952,1.2413997575852262e-61
3467.1470444553006,2.6907340527068317e-61
3467.1958964338055,5.8197637149164204e-61
3467.244748412311,1.2560744184038157e-60
3467.2936003908158,2.7052089264114974e-60
3467.342452369321,5.813821016631943e-60
3467.391304347826,1.246803146321922e-59
3467.4401563263314,2.668145380140365e-59
3467.4890083048363,5.697658803450303e-59
3467.5378602833416,1.2141119063602309e-58
3467.5867122618465,2.5816437315728612e-58
3467.635564240352,5.4778381036435734e-58
3467.6844162188568,1.1598380419675658e-57
3467.733268197362,2.4505341526352165e-57
3467.782120175867,5.166535335900306e-57
3467.8309721543724,1.086959250401892e-56
3467.8798241328773,2.2819299907372686e-56
3467.9286761113826,4.780425384416954e-56
3467.9775280898875,9.993230979397017e-56
3468.026380068393,2.084588996650437e-55
3468.075232046898,4.3392040129309575e-55
3468.124084025403,9.013112464499515e-55
3468.172936003908,1.8681622073093416e-54
3468.2217879824134,3.863931549177985e-54
3468.2706399609183,7.974790721793759e-54
3468.3194919394236,1.6424198035235817e-53
3468.3683439179285,3.3753905983322436e-53
3468.417195896434,6.922115849773945e-53
3468.466047874939,1.416539313118144e-52
3468.514899853444,2.892632888084551e-52
3468.563751831949,5.894309063235673e-52
3468.6126038104544,1.198525730963748e-51
3468.6614557889593,2.4318493732828203e-51
3468.7103077674647,4.923804590059647e-51
3468.7591597459696,9.948091031902698e-51
3468.808011724475,2.0056422681719805e-50
3468.85686370298,4.034985272407025e-50
3468.905715681485,8.100375799743604e-50
3468.95456765999,1.6227181371824249e-49
3469.0034196384954,3.2438121629438576e-49
3469.0522716170003,6.470576343520677e-49
3469.1011235955057,1.2879673940929626e-48
3469.1499755740106,2.5582405698034072e-48
3469.198827552516,5.0705197663068547e-48
3469.247679531021,1.0028549848187043e-47
3469.296531509526,1.9792394041861877e-47
3469.345383488031,3.897920948896712e-47
3469.3942354665364,7.660237011222662e-47
3469.4430874450413,1.502193372949528e-46
3469.4919394235467,2.939570662007232e-46
3469.5407914020516,5.740059151589128e-46
3469.589643380557,1.1184670776431452e-45
3469.638495359062,2.174725207142525e-45
3469.687347337567,4.219489301323391e-45
3469.736199316072,8.169390988512272e-45
3469.7850512945774,1.5783151883139358e-44
3469.8339032730823,3.042790298785718e-44
3469.8827552515877,5.853619846550917e-44
3469.9316072300926,1.123702071021217e-43
3469.980459208598,2.1525437832410586e-43
3470.0293111871033,4.114593375087743e-43
3470.078163165608,7.84830617323347e-43
3470.1270151441136,1.4938225376226635e-42
3470.1758671226185,2.8372401882825596e-42
3470.224719101124,5.377336226792104e-42
3470.2735710796287,1.0169796078327552e-41
3470.322423058134,1.919248581805384e-41
3470.371275036639,3.6142992824786524e-41
3470.4201270151443,6.791893415532369e-41
3470.468978993649,1.2735952983671919e-40
3470.5178309721546,2.3831195765774966e-40
3470.5666829506595,4.449733385319477e-40
3470.615534929165,8.290789357621503e-40
3470.6643869076697,1.5414572110869493e-39
3470.713238886175,2.8598333966100512e-39
3470.76209086468,5.294483824575928e-39
3470.8109428431853,9.780929214690584e-39
3470.8597948216902,1.8030599567180353e-38
3470.9086468001956,3.316757713776134e-38
3470.9574987787005,6.088226738023869e-38
3471.006350757206,1.1151706807834431e-37
3471.0552027357107,2.0382867678808656e-37
3471.104054714216,3.7175995599149495e-37
3471.152906692721,6.766019949701079e-37
3471.2017586712263,1.2287888019833385e-36
3471.2506106497312,2.2268680416761337e-36
3471.2994626282366,4.027030772838515e-36
3471.3483146067415,7.266890276131377e-36
3471.397166585247,1.3085351898699225e-35
3471.4460185637517,2.3512311092521093e-35
3471.494870542257,4.2157835108433835e-35
3471.543722520762,7.542829836415911e-35
3471.5925744992674,1.3466765764511842e-34
3471.6414264777723,2.3991933385196334e-34
3471.6902784562776,4.265206771803139e-34
3471.7391304347825,7.566373801998692e-34
3471.787982413288,1.33939388687071e-33
3471.8368343917928,2.36592844014611e-33
3471.885686370298,4.1703031486661486e-33
3471.934538348803,7.335104935242794e-33
3471.9833903273084,1.287412363148556e-32
3472.0322423058133,2.254766703331143e-32
3472.0810942843186,3.9405613872643795e-32
3472.1299462628235,6.872062212273261e-32
3472.178798241329,1.1958825275483459e-31
3472.227650219834,2.0766454949543858e-31
3472.276502198339,3.5983927654156663e-31
3472.325354176844,6.2219579805596235e-31
3472.3742061553494,1.0735390374127778e-30
3472.4230581338543,1.848335555006673e-30
3472.4719101123596,3.1755280423561985e-30
3472.5207620908645,5.444063643132097e-30
3472.56961406937,9.313276356120925e-30
3472.618466047875,1.589841353653002e-29
3472.66731802638,2.708176954880765e-29
3472.716170004885,4.603330780319284e-29
3472.7650219833904,7.807988581157103e-29
3472.8138739618953,1.3215327881889474e-28
3472.8627259404007,2.2319704839472735e-28
3472.9115779189056,3.761582802414524e-28
3472.960429897411,6.325930601478142e-28
3473.009281875916,1.0615727949263693e-27
3473.058133854421,1.7776515633657512e-27
3473.106985832926,2.970400030133276e-27
3473.1558378114314,4.952843723478163e-27
3473.2046897899363,8.240728983393432e-27
3473.2535417684417,1.368194685152333e-26
3473.3023937469466,2.2667382093568613e-26
3473.351245725452,3.747364753935576e-26
3473.400097703957,6.181895256571353e-26
3473.448949682462,1.0176263050483463e-25
3473.497801660967,1.6715753172690418e-25
3473.5466536394724,2.73989835121661e-25
3473.5955056179773,4.481400536516763e-25
3473.6443575964827,7.314149183557355e-25
3473.6932095749876,1.1911996015849477e-24
3473.742061553493,1.93586856642233e-24
3473.790913531998,3.139335487337643e-24
3473.839765510503,5.0800741573475646e-24
3473.888617489008,8.203000983691313e-24
3473.9374694675134,1.3217392621023705e-23
3473.9863214460183,2.125147406526796e-23
3474.0351734245237,3.409592632383152e-23
3474.084025403029,5.458659668663752e-23
3474.132877381534,8.720463221167527e-23
3474.1817293600393,1.390154357570692e-22
3474.230581338544,2.211344219851835e-22
3474.2794333170496,3.510099679285357e-22
3474.3282852955545,5.55971130920257e-22
3474.37713727406,8.78728358724535e-22
3474.4259892525647,1.3858830056480743e-21
3474.47484123107,2.181061626389012e-21
3474.523693209575,3.425142611821804e-21
3474.5725451880803,5.367334324033761e-21
3474.621397166585,8.392818183343237e-21
3474.6702491450906,1.3095620178457606e-20
3474.7191011235955,2.0389816767276002e-20
3474.767953102101,3.167885529754835e-20
3474.8168050806057,4.911277210171924e-20
3474.865657059111,7.597804793653065e-20
3474.914509037616,1.1728715002635284e-19
3474.9633610161213,1.8066800814060632e-19
3475.012212994626,2.7770295497219287e-19
3475.0610649731316,4.2593964642467183e-19
3475.1099169516365,6.519043053498202e-19
3475.158768930142,9.956065535811928e-19
3475.2076209086467,1.5172587575988058e-18
3475.256472887152,2.307275533815126e-18
3475.305324865657,3.50112052845413e-18
3475.3541768441623,5.301299561909383e-18
3475.4030288226672,8.009865070934887e-18
3475.4518808011726,1.2076345011445026e-17
3475.5007327796775,1.8168252845308486e-17
3475.549584758183,2.7274578200549162e-17
3475.5984367366877,4.085733410703377e-17
3475.647288715193,6.107296340077889e-17
3475.696140693698,9.109505922442579e-17
3475.7449926722034,1.355836709808534e-16
3475.7938446507083,2.013661953102273e-16
3475.8426966292136,2.984229517597765e-16
3475.8915486077185,4.4131046843988377e-16
3475.940400586224,6.512120902762673e-16
3475.9892525647288,9.588855252895434e-16
3476.038104543234,1.4088897705795654e-15
3476.086956521739,2.065632578570767e-15
3476.1358085002444,3.0220023447419653e-15
3476.1846604787493,4.411660043827693e-15
3476.2335124572546,6.4265021013859255e-15
3476.2823644357595,9.341411264082596e-15
3476.331216414265,1.3549254609040764e-14
3476.3800683927698,1.9610254644058367e-14
3476.428920371275,2.8321472121806914e-14
3476.47777234978,4.081436240197405e-14
3476.5266243282854,5.869142426503103e-14
3476.5754763067903,8.421715296418307e-14
3476.6243282852956,1.2058424522401049e-13
3476.6731802638005,1.722838304210831e-13
3476.722032242306,2.456191536834127e-13
3476.770884220811,3.49416595041018e-13
3476.819736199316,4.960074835733071e-13
3476.868588177821,7.025805977592713e-13
3476.9174401563264,9.9304084168745e-13
3476.9662921348313,1.4005574033170734e-12
3477.0151441133366,1.971048759447619e-12
3477.0639960918415,2.767937480588517e-12
3477.112848070347,3.8786218393180195e-12
3477.161700048852,5.4232627940118696e-12
3477.210552027357,7.56668580695329e-12
3477.259404005862,1.053446248679195e-11
3477.3082559843674,1.4634587070857688e-11
3477.3571079628723,2.028662290460237e-11
3477.4059599413777,2.8060797320293948e-11
3477.4548119198826,3.8730311977495677e-11
3477.503663898388,5.3341163943266635e-11
3477.552515876893,7.330510956597587e-11
3477.601367855398,1.0052313627177702e-10
3477.650219833903,1.3754904789443149e-10
3477.6990718124084,1.8780565740128167e-10
3477.7479237909133,2.558697934717844e-10
3477.7967757694187,3.47847085923858e-10
3477.8456277479236,4.718635763364894e-10
3477.894479726429,6.387089495344402e-10
3477.943331704934,8.62676027084649e-10
3477.992183683439,1.1626536357310896e-09
3478.041035661944,1.5635457146872642e-09
3478.0898876404494,2.098109358518734e-09
3478.138739618955,2.8093293880657277e-09
3478.1875915974597,3.753478197564606e-09
3478.236443575965,5.0040484940610296e-09
3478.28529555447,6.656794882549498e-09
3478.3341475329753,8.83618017399338e-09
3478.38299951148,1.1703596340492152e-08
3478.4318514899855,1.5467821247200086e-08
3478.4807034684904,2.0398284256290934e-08
3478.529555446996,2.684185079794815e-08
3478.5784074255007,3.524400306036941e-08
3478.627259404006,4.617549697177796e-08
3478.676111382511,6.036582150286832e-08
3478.7249633610163,7.874508300980505e-08
3478.773815339521,1.0249629406659502e-07
3478.8226673180266,1.3312047360775595e-07
3478.8715192965315,1.7251747525669861e-07
3478.920371275037,2.2308606717586436e-07
3478.9692232535417,2.87847504989566e-07
3479.018075232047,3.7059768657981006e-07
3479.066927210552,4.760939728287353e-07
3479.1157791890573,6.102839227594319e-07
3479.164631167562,7.805845476817578e-07
3479.2134831460676,9.962222616365093e-07
3479.2623351245725,1.2686455205395578e-06
3479.311187103078,1.61202422765385e-06
3479.3600390815827,2.0438523662159835e-06
3479.408891060088,2.585673030215511e-06
3479.457743038593,3.263948088900167e-06
3479.5065950170983,4.1110981669694595e-06
3479.5554469956032,5.166742473710005e-06
3479.6042989741086,6.4791722918171286e-06
3479.6531509526135,8.107096653219044e-06
3479.702002931119,1.0121703893561182e-05
3479.7508549096237,1.2609088383617075e-05
3479.799706888129,1.5673097772136037e-05
3479.848558866634,1.9438662505911763e-05
3479.8974108451393,2.4055676174262485e-05
3479.9462628236442,2.970350227968987e-05
3479.9951148021496,3.659619027424191e-05
3480.0439667806545,4.4988490987346846e-05
3480.09281875916,5.518276875669346e-05
3480.1416707376648,6.753691445013839e-05
3480.19052271617,8.247336991250057e-05
3480.239374694675,0.00010048937988718994
3480.2882266731804,0.00012216859184528258
3480.3370786516853,0.00014819412700127122
3480.3859306301906,0.00017936324671522828
3480.4347826086955,0.00021660373696264821
3480.483634587201,0.000260992129126047
3480.5324865657058,0.00031377386740663555
3480.581338544211,0.000376385521142999
3480.630190522716,0.0004504791235475771
3480.6790425012214,0.0005379486962897944
3480.7278944797263,0.000640958991204671
3480.7767464582316,0.0007619764457017823
3480.8255984367365,0.0009038023064336832
3480.874450415242,0.0010696078261234494
3480.923302393747,0.001262971380473955
3480.972154372252,0.001487917285738529
3481.021006350757,0.0017489560223331176
3481.0698583292624,0.0020511254862066682
3481.1187103077673,0.0024000327973636047
3481.1675622862726,0.002801896094961985
3481.2164142647775,0.0032635856410035717
3481.265266243283,0.0037926634416052592
3481.314118221788,0.004397420476902112
3481.362970200293,0.005086910510578596
3481.411822178798,0.005870979329106212
3481.4606741573034,0.006760288142899094
3481.5095261358083,0.007766329768548098
3481.5583781143137,0.008901436108167269
3481.6072300928186,0.010178775350828043
3481.656082071324,0.01161233724834769
3481.704934049829,0.013216904765593313
3481.753786028334,0.01500801038127963
3481.802638006839,0.017001875320914423
3481.8514899853444,0.019215330047169136
3481.9003419638493,0.02166571441554913
3481.9491939423547,0.024370756033272583
3481.99804592086,0.027348425536136853
3482.046897899365,0.030616767729897697
3482.0957498778703,0.03419370782750375
3482.144601856375,0.03809683235521552
3482.1934538348805,0.04234314470032241
3482.2423058133854,0.04694879572531717
3482.291157791891,0.05192879038243405
3482.3400097703957,0.0572966718153606
3482.388861748901,0.06306418503532123
3482.437713727406,0.06924092288806005
3482.4865657059113,0.07583395768816603
3482.535417684416,0.08284746256365232
3482.5842696629215,0.09028232722660613
3482.6331216414264,0.0981357735357674
3482.681973619932,0.10640097684287306
3482.7308255984367,0.11506669968273134
3482.779677576942,0.12411694487612747
3482.828529555447,0.13353063552787087
3482.8773815339523,0.1432813297200943
3482.926233512457,0.15333697788508568
3482.9750854909626,0.16365973089658148
3483.0239374694675,0.17420580680636508
3483.072789447973,0.18492542388396682
3483.1216414264777,0.19576280715757127
3483.170493404983,0.20665627502131834
3483.219345383488,0.21753841164037535
3483.2681973619933,0.2283363298770902
3483.317049340498,0.2389720282597331
3483.3659013190036,0.24936284415651752
3483.4147532975085,0.25942200379198666
3483.463605276014,0.26905926809714714
3483.5124572545187,0.2781816716194848
3483.561309233024,0.28669434988954035
3483.610161211529,0.2945014487574853
3483.6590131900343,0.3015071073374788
3483.7078651685392,0.30761650434823135
3483.7567171470446,0.3127369558786671
3483.8055691255495,0.31677905096228437
3483.854421104055,0.31965780987357295
3483.9032730825597,0.32129384879136635
3483.952125061065,0.3216145334599501
3484.00097703957,0.32055510374428947
3484.0498290180753,0.31805975055989577
3484.0986809965802,0.3140826265805454
3484.1475329750856,0.30858877240868393
3484.1963849535905,0.30155494054550214
3484.245236932096,0.2929703005182709
3484.2940889106007,0.282837009912936
3484.342940889106,0.27117063779348516
3484.391792867611,0.25800042905692117
3484.4406448461164,0.24336940062236817
3484.4894968246213,0.22733426296628986
3484.5383488031266,0.2099651633189667
3484.5872007816315,0.19134524980537346
3484.636052760137,0.171570058854015
3484.6849047386418,0.15074673128344251
3484.733756717147,0.12899306550333023
3484.782608695652,0.10643641921215045
3484.8314606741574,0.0832124737267063
3484.8803126526623,0.05946387762655099
3484.9291646311676,0.035338788631102354
3484.9780166096725,0.010989334550381898
3485.026868588178,-0.013429984336182137
3485.075720566683,-0.03776392799416203
3485.124572545188,-0.061858160310314665
3485.173424523693,-0.08556087937610103
3485.2222765021984,-0.10872441029335038
3485.2711284807033,-0.13120673711477177
3485.3199804592086,-0.15287295169933246
3485.3688324377135,-0.17359659881601008
3485.417684416219,-0.19326089878844302
3485.466536394724,-0.21175983123896566
3485.515388373229,-0.2289990660638972
3485.564240351734,-0.24489673054491906
3485.6130923302394,-0.25938400445980586
3485.6619443087443,-0.2724055380898056
3485.7107962872497,-0.2839196911072887
3485.7596482657545,-0.29389859336159363
3485.80850024426,-0.3023280315365882
3485.857352222765,-0.30920716843871704
3485.90620420127,-0.3145481042645507
3485.955056179775,-0.3183752915190882
3486.0039081582804,-0.32072481729209384
3486.0527601367858,-0.3216435682993288
3486.1016121152907,-0.3211882954498922
3486.150464093796,-0.31942459568459974
3486.199316072301,-0.31642582944530057
3486.2481680508063,-0.31227199237973696
3486.297020029311,-0.30704855977567336
3486.3458720078165,-0.3008453217666952
3486.3947239863214,-0.2937552265918171
3486.443575964827,-0.2858732481450213
3486.4924279433317,-0.27729529276630155
3486.541279921837,-0.2681171587291652
3486.590131900342,-0.25843356022872715
3486.6389838788473,-0.24833722589538448
3486.687835857352,-0.2379180800145514
3486.7366878358575,-0.22726251274474202
3486.7855398143624,-0.2164527437572416
3486.834391792868,-0.20556628188519876
3486.8832437713727,-0.19467548162657092
3486.932095749878,-0.18384719569915883
3486.980947728383,-0.17314252134772834
3487.0297997068883,-0.16261663674785673
3487.078651685393,-0.1523187226798886
3487.1275036638986,-0.1422919636440516
3487.1763556424035,-0.1325736217854216
3487.225207620909,-0.1231951763708848
3487.2740595994137,-0.1141825211308711
3487.322911577919,-0.10555621151520281
3487.371763556424,-0.09733175382786552
3487.4206155349293,-0.0895199282639523
3487.469467513434,-0.08212713807982884
3487.5183194919396,-0.07515577744667626
3487.5671714704445,-0.068604610969842
3487.61602344895,-0.06246915836412042
3487.6648754274547,-0.056742078357550935
3487.71372740596,-0.05141354651819017
3487.762579384465,-0.04647162235820828
3487.8114313629703,-0.04190260173616314
3487.860283341475,-0.03769135125067337
3487.9091353199806,-0.03382162197050572
3487.9579872984855,-0.030276340478088644
3488.006839276991,-0.027037875794672664
3488.0556912554957,-0.024088281308505405
3488.104543234001,-0.02140951132689069
3488.153395212506,-0.01898361232357492
3488.2022471910113,-0.01679288934392243
3488.2510991695162,-0.014820048368248842
3488.2999511480216,-0.013048315712085864
3488.3488031265265,-0.01146153576874684
3488.397655105032,-0.010044248571332006
3488.4465070835367,-0.008781748776625147
3488.495359062042,-0.007660127751644309
3488.544211040547,-0.006666300483389353
3488.5930630190524,-0.005788019034653007
3488.6419149975573,-0.005013874241700824
3488.6907669760626,-0.004333287295133201
3488.7396189545675,-0.0037364927706009395
3488.788470933073,-0.003214514583503767
3488.8373229115778,-0.002759136237590655
3488.886174890083,-0.002362866623626011
3488.935026868588,-0.0020189025060403164
3488.9838788470934,-0.0017210887144837306
3489.0327308255983,-0.0014638769373084993
3489.0815828041036,-0.0012422838964398536
3489.1304347826085,-0.001051849570603556
3489.179286761114,-0.0008885960271396054
3489.2281387396188,-0.0007489873234208179
3489.276990718124,-0.0006298908473980767
3489.325842696629,-0.0005285403839889631
3489.3746946751344,-0.00044250111969911595
3489.4235466536393,-0.0003696367323834137
3489.4723986321446,-0.0003080786559138467
3489.5212506106495,-0.00025619756065730286
3489.570102589155,-0.0002125770493985375
3489.61895456766,-0.00017598953432951495
3489.667806546165,-0.00014537423320573568
3489.71665852467,-0.00011981720125287455
3489.7655105031754,-9.853329913186022e-05
3489.8143624816803,-8.084998569599279e-05
3489.8632144601856,-6.619281669418352e-05
3489.9120664386905,-5.4072526465129704e-05
3489.960918417196,-4.407356841322626e-05
3490.009770395701,-3.584399119228226e-05
3490.058622374206,-2.9086530540196196e-05
3490.1074743527115,-2.355080122091588e-05
3490.1563263312164,-1.9026479142417955e-05
3490.2051783097218,-1.533737012968628e-05
3490.2540302882267,-1.2336268751191417e-05
3490.302882266732,-9.90051779779013e-06
3490.351734245237,-7.928186305030637e-06
3490.4005862237423,-6.334791230745853e-06
3490.449438202247,-5.050494934059731e-06
3490.4982901807525,-4.017717348652236e-06
3490.5471421592574,-3.189108138812298e-06
3490.595994137763,-2.525830119572258e-06
3490.6448461162677,-1.9961107863884957e-06
3490.693698094773,-1.5740239182978403e-06
3490.742550073278,-1.2384678915438318e-06
3490.7914020517833,-9.723115741024159e-07
3490.840254030288,-7.616824818985286e-07
3490.8891060087935,-5.953752841450941e-07
3490.9379579872984,-4.64361773484204e-07
3490.986809965804,-3.613860925353867e-07
3491.0356619443087,-2.806313607895211e-07
3491.084513922814,-2.1744590257048144e-07
3491.133365901319,-1.6811906657251314e-07
3491.1822178798243,-1.2969817725762725e-07
3491.231069858329,-9.983949437995913e-08
3491.2799218368345,-7.668720331053367e-08
3491.3287738153394,-5.877543844594926e-08
3491.377625793845,-4.4949175464612005e-08
3491.4264777723497,-3.430053452185364e-08
3491.475329750855,-2.611763260972338e-08
3491.52418172936,-1.9843624526722894e-08
3491.5730337078653,-1.504399168277978e-08
3491.62188568637,-1.138048825366417e-08
3491.6707376648756,-8.590445412865255e-09
3491.7195896433805,-6.4703756176831495e-09
3491.768441621886,-4.863018067684114e-09
3491.8172936003907,-3.6471302777900993e-09
3491.866145578896,-2.729465014750499e-09
3491.914997557401,-2.0384815922458947e-09
3491.9638495359063,-1.5194299027227303e-09
3492.012701514411,-1.1305181354924434e-09
3492.0615534929166,-8.399338724706506e-10
3492.1104054714215,-6.235356674407604e-10
3492.159257449927,-4.630703869949485e-10
3492.2081094284317,-3.448022583989573e-10
3492.256961406937,-2.5846417090113725e-10
3492.305813385442,-1.964615059491508e-10
3492.3546653639473,-1.532746153382531e-10
3492.4035173424522,-1.2501884346920449e-10
3492.4523693209576,-1.0913138195863485e-10
3492.5012212994625,-1.041628243327757e-10
3492.550073277968,-1.0965854275584449e-10
3492.5989252564727,-1.2612136206030395e-10
3492.647777234978,-1.5505283941393114e-10
3492.696629213483,-1.9907612613012063e-10
3492.7454811919883,-2.6214923864176886e-10
3492.7943331704932,-3.4988395466482944e-10
3492.8431851489986,-4.699928605858353e-10
3492.8920371275035,-6.32895733970039e-10
3492.940889106009,-8.525269420994294e-10
3492.9897410845138,-1.147398450591857e-09
3493.038593063019,-1.5419890534422843e-09
3493.087445041524,-2.0685503831555194e-09
3493.1362970200294,-2.7694451343060887e-09
3493.1851489985343,-3.7001639393444113e-09
3493.2340009770396,-4.9332059264911685e-09
3493.2828529555445,-6.5630559169770485e-09
3493.33170493405,-8.712550590074412e-09
3493.3805569125548,-1.1540999279849945e-08
3493.42940889106,-1.5254515380972223e-08
3493.478260869565,-2.0119125207560646e-08
3493.5271128480704,-2.6477356810108932e-08
3493.5759648265753,-3.4769176696084227e-08
3493.6248168050806,-4.5558343482063547e-08
3493.6736687835855,-5.956549104903942e-08
3493.722520762091,-7.770954772214915e-08
3493.771372740596,-1.0115945148855854e-07
3493.820224719101,-1.3139854483802654e-07
3493.869076697606,-1.7030453842214654e-07
3493.9179286761114,-2.202485340206309e-07
3493.9667806546167,-2.8421730953772666e-07
3494.0156326331216,-3.659639091094139e-07
3494.0644846116265,-4.7019256880943e-07
3494.113336590132,-6.027851638038554e-07
3494.1621885686372,-7.710777088462169e-07
3494.211040547142,-9.841970052097364e-07
3494.2598925256475,-1.253469329564215e-06
3494.3087445041524,-1.5929151312410782e-06
3494.3575964826578,-2.0198460721500887e-06
3494.4064484611627,-2.555583436481455e-06
3494.455300439668,-3.22631998389534e-06
3494.504152418173,-4.0641507461443885e-06
3494.5530043966783,-5.108302098177822e-06
3494.601856375183,-6.4065926898421225e-06
3494.6507083536885,-8.017164519574675e-06
3494.6995603321934,-1.0010527572304012e-05
3494.7484123106988,-1.2471967029910556e-05
3494.7972642892037,-1.5504368076235377e-05
3494.846116267709,-1.9231519733286664e-05
3494.894968246214,-2.380196592805741e-05
3494.9438202247193,-2.9393479035606112e-05
3494.992672203224,-3.6218238371397604e-05
3495.0415241817295,-4.4528803398109505e-05
3495.0903761602344,-5.462497860128508e-05
3495.13922813874,-6.686167389267591e-05
3495.1880801172447,-8.165787076989867e-05
3495.23693209575,-9.950681003679095e-05
3495.285784074255,-0.00012098752132356866
3495.3346360527603,-0.00014677781759482163
3495.383488031265,-0.00017766887884187963
3495.4323400097705,-0.00021458154779454362
3495.4811919882754,-0.00025858445619074405
3495.530043966781,-0.00031091409241043496
3495.5788959452857,-0.00037299690944644833
3495.627747923791,-0.0004464735557095436
3495.676599902296,-0.0005332252893073405
3495.7254518808013,-0.0006354026086720193
3495.774303859306,-0.0007554560979708761
3495.8231558378116,-0.0008961694441900892
3495.8720078163165,-0.0010606945334062346
3495.920859794822,-0.0012525884763368573
3495.9697117733267,-0.001475852347190719
3496.018563751832,-0.0017349713452600663
3496.067415730337,-0.00203495600524668
3496.1162677088423,-0.002381383990654438
3496.165119687347,-0.0027804419046976426
3496.2139716658526,-0.003238966446438157
3496.2628236443575,-0.00376448412671258
3496.311675622863,-0.00436524864110623
3496.3605276013677,-0.005050274876736594
3496.409379579873,-0.005829368409240517
3496.458231558378,-0.006713149227619759
3496.5070835368833,-0.007713068311967652
3496.5559355153882,-0.008841415584543771
3496.6047874938936,-0.01011131766385927
3496.6536394723985,-0.011536723776621115
3496.702491450904,-0.01313237813035862
3496.7513434294087,-0.014913777022486053
3496.800195407914,-0.016897108967168045
3496.849047386419,-0.019099176161236298
3496.8978993649243,-0.021537295692881656
3496.9467513434292,-0.024229179022255583
3496.9956033219346,-0.027192788439926067
3497.0444553004395,-0.030446169435635564
3497.093307278945,-0.034007258194067747
3497.1421592574497,-0.03789366377169093
3497.191011235955,-0.04212242490629698
3497.23986321446,-0.046709741860091844
3497.2887151929654,-0.05167068420370243
3497.3375671714703,-0.05701887599908292
3497.3864191499756,-0.06276616043773402
3497.4352711284805,-0.06892224661848442
3497.484123106986,-0.07549434180801842
3497.5329750854908,-0.08248677319346988
3497.581827063996,-0.08990060380966308
3497.630679042501,-0.09773324797478818
3497.6795310210064,-0.10597809219627245
3497.7283829995113,-0.11462412807965133
3497.7772349780166,-0.12365560428620724
3497.8260869565215,-0.13305170500313565
3497.874938935027,-0.1427862627134892
3497.923790913532,-0.15282751324390922
3497.972642892037,-0.16313790113018686
3498.0214948705425,-0.1736739432368259
3498.0703468490474,-0.18438615830562533
3498.1191988275527,-0.19521906966061686
3498.1680508060576,-0.20611128766679168
3498.216902784563,-0.21699567772552938
3498.265754763068,-0.22779961857880204
3498.3146067415732,-0.23844535451402923
3498.363458720078,-0.2488504436979019
3498.4123106985835,-0.2589283033619644
3498.4611626770884,-0.2685888509104183
3498.5100146555937,-0.27773923827247116
3498.5588666340986,-0.2862846749830295
3498.607718612604,-0.2941293336051674
3498.656570591109,-0.3011773292202843
3498.7054225696143,-0.3073337628700849
3498.754274548119,-0.3125058170603084
3498.8031265266245,-0.3166038897923858
3498.8519785051294,-0.319542752101863
3498.9008304836348,-0.32124271280916106
3498.9496824621397,-0.32163077315548
3498.998534440645,-0.32064175325127064
3499.04738641915,-0.318219371829791
3499.0962383976553,-0.3143172607045841
3499.14509037616,-0.3088998955935398
3499.1939423546655,-0.3019434256036476
3499.2427943331704,-0.2934363846765057
3499.291646311676,-0.2833802696614788
3499.3404982901807,-0.2717899714073587
3499.389350268686,-0.25869404730588635
3499.438202247191,-0.24413482606755293
3499.4870542256963,-0.22816833809913722
3499.535906204201,-0.21086406766138283
3499.5847581827065,-0.1923045259306595
3499.6336101612114,-0.17258464714401817
3499.682462139717,-0.15181101307362843
3499.7313141182217,-0.13010091412854177
3499.780166096727,-0.1075812583108938
3499.829018075232,-0.08438734204084307
3499.8778700537373,-0.06066149940000259
3499.926722032242,-0.03655164861977627
3499.9755740107476,-0.012209756555040056
3500.0244259892524,0.012209756555040056
3500.073277967758,0.03655164861977627
3500.1221299462627,0.06066149940000259
3500.170981924768,0.08438734204084307
3500.219833903273,0.1075812583108938
3500.2686858817783,0.13010091412854177
3500.317537860283,0.15181101307362843
3500.3663898387886,0.17258464714401817
3500.4152418172935,0.1923045259306595
3500.464093795799,0.21086406766138283
3500.5129457743037,0.22816833809913722
3500.561797752809,0.24413482606755293
3500.610649731314,0.25869404730588635
3500.6595017098193,0.2717899714073587
3500.708353688324,0.2833802696614788
3500.7572056668296,0.2934363846765057
3500.8060576453345,0.3019434256036476
3500.85490962384,0.3088998955935398
3500.9037616023447,0.3143172607045841
3500.95261358085,0.318219371829791
3501.001465559355,0.32064175325127064
3501.0503175378603,0.32163077315548
3501.0991695163652,0.32124271280916106
3501.1480214948706,0.319542752101863
3501.1968734733755,0.3166038897923858
3501.245725451881,0.3125058170603084
3501.2945774303857,0.3073337628700849
3501.343429408891,0.3011773292202843
3501.392281387396,0.2941293336051674
3501.4411333659014,0.2862846749830295
3501.4899853444063,0.27773923827247116
3501.5388373229116,0.2685888509104183
3501.5876893014165,0.2589283033619644
3501.636541279922,0.2488504436979019
3501.6853932584268,0.23844535451402923
3501.734245236932,0.22779961857880204
3501.783097215437,0.21699567772552938
3501.8319491939424,0.20611128766679168
3501.8808011724473,0.19521906966061686
3501.9296531509526,0.18438615830562533
3501.9785051294575,0.1736739432368259
3502.027357107963,0.16313790113018686
3502.076209086468,0.15282751324390922
3502.125061064973,0.1427862627134892
3502.1739130434785,0.13305170500313565
3502.2227650219834,0.12365560428620724
3502.2716170004887,0.11462412807965133
3502.3204689789936,0.10597809219627245
3502.369320957499,0.09773324797478818
3502.418172936004,0.08990060380966308
3502.4670249145092,0.08248677319346988
3502.515876893014,0.07549434180801842
3502.5647288715195,0.06892224661848442
3502.6135808500244,0.06276616043773402
3502.6624328285297,0.05701887599908292
3502.7112848070346,0.05167068420370243
3502.76013678554,0.046709741860091844
3502.808988764045,0.04212242490629698
3502.8578407425503,0.03789366377169093
3502.906692721055,0.034007258194067747
3502.9555446995605,0.030446169435635564
3503.0043966780654,0.027192788439926067
3503.0532486565708,0.024229179022255583
3503.1021006350757,0.021537295692881656
3503.150952613581,0.019099176161236298
3503.199804592086,0.016897108967168045
3503.2486565705913,0.014913777022486053
3503.297508549096,0.01313237813035862
3503.3463605276015,0.011536723776621115
3503.3952125061064,0.01011131766385927
3503.4440644846118,0.008841415584543771
3503.4929164631167,0.007713068311967652
3503.541768441622,0.006713149227619759
3503.590620420127,0.005829368409240517
3503.6394723986323,0.005050274876736594
3503.688324377137,0.00436524864110623
3503.7371763556425,0.00376448412671258
3503.7860283341474,0.003238966446438157
3503.834880312653,0.0027804419046976426
3503.8837322911577,0.002381383990654438
3503.932584269663,0.00203495600524668
3503.981436248168,0.0017349713452600663
3504.0302882266733,0.001475852347190719
3504.079140205178,0.0012525884763368573
3504.1279921836835,0.0010606945334062346
3504.1768441621884,0.0008961694441900892
3504.225696140694,0.0007554560979708761
3504.2745481191987,0.0006354026086720193
3504.323400097704,0.0005332252893073405
3504.372252076209,0.0004464735557095436
3504.4211040547143,0.00037299690944644833
3504.469956033219,0.00031091409241043496
3504.5188080117246,0.00025858445619074405
3504.5676599902295,0.00021458154779454362
3504.616511968735,0.00017766887884187963
3504.6653639472397,0.00014677781759482163
3504.714215925745,0.00012098752132356866
3504.76306790425,9.950681003679095e-05
3504.8119198827553,8.165787076989867e-05
3504.86077186126,6.686167389267591e-05
3504.9096238397656,5.462497860128508e-05
3504.9584758182705,4.4528803398109505e-05
3505.007327796776,3.6218238371397604e-05
3505.0561797752807,2.9393479035606112e-05
3505.105031753786,2.380196592805741e-05
3505.153883732291,1.9231519733286664e-05
3505.2027357107963,1.5504368076235377e-05
3505.2515876893012,1.2471967029910556e-05
3505.3004396678066,1.0010527572304012e-05
3505.3492916463115,8.017164519574675e-06
3505.398143624817,6.4065926898421225e-06
3505.4469956033217,5.108302098177822e-06
3505.495847581827,4.0641507461443885e-06
3505.544699560332,3.22631998389534e-06
3505.5935515388373,2.555583436481455e-06
3505.6424035173422,2.0198460721500887e-06
3505.6912554958476,1.5929151312410782e-06
3505.7401074743525,1.253469329564215e-06
3505.788959452858,9.841970052097364e-07
3505.8378114313628,7.710777088462169e-07
3505.886663409868,6.027851638038554e-07
3505.935515388373,4.701925688105207e-07
3505.9843673668784,3.659639091094139e-07
3506.0332193453833,2.8421730953772666e-07
3506.0820713238886,2.202485340206309e-07
3506.130923302394,1.7030453842214654e-07
3506.179775280899,1.3139854483802654e-07
3506.228627259404,1.0115945148855854e-07
3506.277479237909,7.770954772214915e-08
3506.3263312164145,5.956549104903942e-08
3506.3751831949194,4.5558343482063547e-08
3506.4240351734247,3.4769176696084227e-08
3506.4728871519296,2.6477356810108932e-08
3506.521739130435,2.0119125207560646e-08
3506.57059110894,1.5254515380972223e-08
3506.6194430874452,1.1540999279849945e-08
3506.66829506595,8.712550590074412e-09
3506.7171470444555,6.5630559169770485e-09
3506.7659990229604,4.9332059264911685e-09
3506.8148510014657,3.7001639393444113e-09
3506.8637029799706,2.7694451343060887e-09
3506.912554958476,2.0685503831555194e-09
3506.961406936981,1.5419890534422843e-09
3507.0102589154862,1.147398450591857e-09
3507.059110893991,8.525269420994294e-10
3507.1079628724965,6.32895733970039e-10
3507.1568148510014,4.699928605858353e-10
3507.2056668295068,3.4988395466482944e-10
3507.2545188080117,2.6214923864176886e-10
3507.303370786517,1.9907612613012063e-10
3507.352222765022,1.5505283941393114e-10
3507.4010747435273,1.2612136206030395e-10
3507.449926722032,1.0965854275584449e-10
3507.4987787005375,1.041628243327757e-10
3507.5476306790424,1.0913138195863485e-10
3507.5964826575478,1.2501884346920449e-10
3507.6453346360527,1.532746153382531e-10
3507.694186614558,1.964615059491508e-10
3507.743038593063,2.5846417090113725e-10
3507.7918905715683,3.448022583989573e-10
3507.840742550073,4.630703869949485e-10
3507.8895945285785,6.235356674407604e-10
3507.9384465070834,8.399338724706506e-10
3507.987298485589,1.1305181354924434e-09
3508.0361504640937,1.5194299027227303e-09
3508.085002442599,2.0384815922458947e-09
3508.133854421104,2.729465014750499e-09
3508.1827063996093,3.6471302777900993e-09
3508.231558378114,4.863018067684114e-09
3508.2804103566195,6.4703756176831495e-09
3508.3292623351244,8.590445412865255e-09
3508.37811431363,1.138048825366417e-08
3508.4269662921347,1.504399168277978e-08
3508.47581827064,1.9843624526722894e-08
3508.524670249145,2.611763260972338e-08
3508.5735222276503,3.430053452185364e-08
3508.622374206155,4.4949175464612005e-08
3508.6712261846606,5.877543844594926e-08
3508.7200781631655,7.668720331053367e-08
3508.768930141671,9.983949437995913e-08
3508.8177821201757,1.2969817725762725e-07
3508.866634098681,1.6811906657251314e-07
3508.915486077186,2.1744590257048144e-07
3508.9643380556913,2.806313607895211e-07
3509.013190034196,3.613860925353867e-07
3509.0620420127016,4.64361773484204e-07
3509.1108939912065,5.953752841450941e-07
3509.159745969712,7.616824818985286e-07
3509.2085979482167,9.723115741024159e-07
3509.257449926722,1.2384678915438318e-06
3509.306301905227,1.5740239182978403e-06
3509.3551538837323,1.9961107863884957e-06
3509.404005862237,2.525830119572258e-06
3509.4528578407426,3.189108138812298e-06
3509.5017098192475,4.017717348652236e-06
3509.550561797753,5.050494934059731e-06
3509.5994137762577,6.334791230745853e-06
3509.648265754763,7.928186305030637e-06
3509.697117733268,9.90051779779013e-06
3509.7459697117733,1.2336268751191417e-05
3509.7948216902782,1.533737012968628e-05
3509.8436736687836,1.9026479142417955e-05
3509.8925256472885,2.355080122091588e-05
3509.941377625794,2.9086530540196196e-05
3509.990229604299,3.584399119228226e-05
3510.039081582804,4.407356841322626e-05
3510.087933561309,5.407252646502733e-05
3510.1367855398144,6.619281669418352e-05
3510.1856375183197,8.084998569599279e-05
3510.2344894968246,9.853329913186022e-05
3510.28334147533,0.00011981720125287455
3510.332193453835,0.00014537423320573568
3510.38104543234,0.00017598953432951495
3510.429897410845,0.0002125770493985375
3510.4787493893505,0.00025619756065730286
3510.5276013678554,0.0003080786559138467
3510.5764533463607,0.0003696367323834137
3510.6253053248656,0.00044250111969911595
3510.674157303371,0.0005285403839889631
3510.723009281876,0.0006298908473980767
3510.7718612603812,0.0007489873234208179
3510.820713238886,0.0008885960271396054
3510.8695652173915,0.001051849570603556
3510.9184171958964,0.0012422838964398536
3510.9672691744017,0.0014638769373084993
3511.0161211529066,0.0017210887144837306
3511.064973131412,0.0020189025060403164
3511.113825109917,0.002362866623626011
3511.1626770884222,0.002759136237590655
3511.211529066927,0.003214514583503767
3511.2603810454325,0.0037364927706009395
3511.3092330239374,0.004333287295133201
3511.3580850024427,0.005013874241700824
3511.4069369809476,0.005788019034653007
3511.455788959453,0.006666300483389353
3511.504640937958,0.007660127751644309
3511.5534929164633,0.008781748776625147
3511.602344894968,0.010044248571332006
3511.6511968734735,0.01146153576874684
3511.7000488519784,0.013048315712085864
3511.7489008304838,0.014820048368248842
3511.7977528089887,0.01679288934392243
3511.846604787494,0.01898361232357492
3511.895456765999,0.02140951132689069
3511.9443087445043,0.024088281308505405
3511.993160723009,0.027037875794672664
3512.0420127015145,0.030276340478088644
3512.0908646800194,0.03382162197050572
3512.139716658525,0.03769135125067337
3512.1885686370297,0.04190260173616314
3512.237420615535,0.04647162235820828
3512.28627259404,0.05141354651819017
3512.3351245725453,0.056742078357550935
3512.38397655105,0.06246915836412042
3512.4328285295555,0.068604610969842
3512.4816805080604,0.07515577744667626
3512.530532486566,0.08212713807982884
3512.5793844650707,0.0895199282639523
3512.628236443576,0.09733175382786552
3512.677088422081,0.10555621151520281
3512.7259404005863,0.1141825211308711
3512.774792379091,0.1231951763708848
3512.8236443575965,0.1325736217854216
3512.8724963361014,0.1422919636440516
3512.921348314607,0.1523187226798886
3512.9702002931117,0.16261663674785673
3513.019052271617,0.17314252134772834
3513.067904250122,0.18384719569915883
3513.1167562286273,0.19467548162657092
3513.165608207132,0.20556628188519876
3513.2144601856376,0.2164527437572416
3513.2633121641425,0.22726251274474202
3513.312164142648,0.2379180800145514
3513.3610161211527,0.24833722589538448
3513.409868099658,0.25843356022872715
3513.458720078163,0.2681171587291652
3513.5075720566683,0.27729529276630155
3513.556424035173,0.2858732481450213
3513.6052760136786,0.2937552265918171
3513.6541279921835,0.3008453217666952
3513.702979970689,0.30704855977567336
3513.7518319491937,0.31227199237973696
3513.800683927699,0.31642582944530057
3513.849535906204,0.31942459568459974
3513.8983878847093,0.3211882954498922
3513.9472398632142,0.3216435682993288
3513.9960918417196,0.32072481729209384
3514.044943820225,0.3183752915190882
3514.09379579873,0.3145481042645507
3514.1426477772347,0.3092071684387739
3514.19149975574,0.3023280315365882
3514.2403517342455,0.29389859336159363
3514.2892037127503,0.2839196911072887
3514.3380556912557,0.2724055380898056
3514.3869076697606,0.25938400445980586
3514.435759648266,0.24489673054491906
3514.484611626771,0.2289990660638972
3514.533463605276,0.21175983123896566
3514.582315583781,0.19326089878844302
3514.6311675622865,0.17359659881601008
3514.6800195407914,0.15287295169933246
3514.7288715192967,0.13120673711477177
3514.7777234978016,0.10872441029335038
3514.826575476307,0.08556087937610103
3514.875427454812,0.061858160310314665
3514.924279433317,0.03776392799416203
3514.973131411822,0.013429984336182137
3515.0219833903275,-0.010989334550381898
3515.0708353688324,-0.035338788631102354
3515.1196873473377,-0.05946387762655099
3515.1685393258426,-0.0832124737267063
3515.217391304348,-0.10643641921215045
3515.266243282853,-0.12899306550333023
3515.3150952613582,-0.15074673128344251
3515.363947239863,-0.171570058854015
3515.4127992183685,-0.19134524980537346
3515.4616511968734,-0.2099651633189667
3515.5105031753787,-0.22733426296628986
3515.5593551538836,-0.24336940062236817
3515.608207132389,-0.25800042905692117
3515.657059110894,-0.27117063779348516
3515.7059110893993,-0.282837009912936
3515.754763067904,-0.2929703005182709
3515.8036150464095,-0.30155494054550214
3515.8524670249144,-0.30858877240868393
3515.9013190034198,-0.3140826265805454
3515.9501709819247,-0.31805975055989577
3515.99902296043,-0.32055510374428947
3516.047874938935,-0.3216145334599501
3516.0967269174403,-0.32129384879136635
3516.145578895945,-0.31965780987357295
3516.1944308744505,-0.31677905096228437
3516.2432828529554,-0.3127369558786671
3516.2921348314608,-0.30761650434823135
3516.3409868099657,-0.3015071073374788
3516.389838788471,-0.2945014487574853
3516.438690766976,-0.28669434988954035
3516.4875427454813,-0.2781816716194848
3516.536394723986,-0.26905926809714714
3516.5852467024915,-0.25942200379198666
3516.6340986809964,-0.24936284415651752
3516.682950659502,-0.2389720282597331
3516.7318026380067,-0.2283363298770902
3516.780654616512,-0.21753841164037535
3516.829506595017,-0.20665627502131834
3516.8783585735223,-0.19576280715757127
3516.927210552027,-0.18492542388396682
3516.9760625305325,-0.17420580680636508
3517.0249145090374,-0.16365973089658148
3517.073766487543,-0.15333697788508568
3517.1226184660477,-0.1432813297200943
3517.171470444553,-0.13353063552787087
3517.220322423058,-0.12411694487612747
3517.2691744015633,-0.11506669968273134
3517.318026380068,-0.10640097684287306
3517.3668783585736,-0.0981357735357674
3517.4157303370785,-0.09028232722660613
3517.464582315584,-0.08284746256365232
3517.5134342940887,-0.07583395768816603
3517.562286272594,-0.06924092288806005
3517.611138251099,-0.06306418503532123
3517.6599902296043,-0.0572966718153606
3517.708842208109,-0.05192879038243405
3517.7576941866146,-0.04694879572531717
3517.8065461651195,-0.04234314470032241
3517.855398143625,-0.03809683235521552
3517.9042501221297,-0.03419370782750375
3517.953102100635,-0.030616767729897697
3518.00195407914,-0.027348425536136853
3518.0508060576453,-0.024370756033272583
3518.0996580361507,-0.02166571441554913
3518.1485100146556,-0.019215330047169136
3518.197361993161,-0.017001875320914423
3518.246213971666,-0.01500801038127963
3518.295065950171,-0.013216904765593313
3518.343917928676,-0.01161233724834769
3518.3927699071814,-0.010178775350828043
3518.4416218856863,-0.008901436108167269
3518.4904738641917,-0.007766329768548098
3518.5393258426966,-0.006760288142899094
3518.588177821202,-0.005870979329106212
3518.637029799707,-0.005086910510578596
3518.685881778212,-0.004397420476902112
3518.734733756717,-0.0037926634416052592
3518.7835857352225,-0.0032635856410035717
3518.8324377137274,-0.002801896094961985
3518.8812896922327,-0.0024000327973636047
3518.9301416707376,-0.0020511254862066682
3518.978993649243,-0.0017489560223331176
3519.027845627748,-0.001487917285738529
3519.076697606253,-0.001262971380473955
3519.125549584758,-0.0010696078261234494
3519.1744015632635,-0.0009038023064336832
3519.2232535417684,-0.0007619764457017823
3519.2721055202737,-0.000640958991204671
3519.3209574987786,-0.0005379486962897944
3519.369809477284,-0.0004504791235475771
3519.418661455789,-0.000376385521142999
3519.4675134342942,-0.00031377386740663555
3519.516365412799,-0.000260992129126047
3519.5652173913045,-0.00021660373696264821
3519.6140693698094,-0.00017936324671522828
3519.6629213483147,-0.00014819412700127122
3519.7117733268196,-0.00012216859184528258
3519.760625305325,-0.00010048937988718994
3519.80947728383,-8.247336991250057e-05
3519.8583292623352,-6.753691445013839e-05
3519.90718124084,-5.518276875669346e-05
3519.9560332193455,-4.4988490987346846e-05
3520.0048851978504,-3.659619027424191e-05
3520.0537371763558,-2.970350227968987e-05
3520.1025891548607,-2.4055676174262485e-05
3520.151441133366,-1.9438662505911763e-05
3520.200293111871,-1.5673097772136037e-05
3520.2491450903763,-1.2609088383617075e-05
3520.297997068881,-1.0121703893561182e-05
3520.3468490473865,-8.107096653219044e-06
3520.3957010258914,-6.4791722918171286e-06
3520.4445530043968,-5.166742473710005e-06
3520.4934049829017,-4.1110981669694595e-06
3520.542256961407,-3.263948088900167e-06
3520.591108939912,-2.585673030215511e-06
3520.6399609184173,-2.0438523662159835e-06
3520.688812896922,-1.61202422765385e-06
3520.7376648754275,-1.2686455205395578e-06
3520.7865168539324,-9.962222616365093e-07
3520.835368832438,-7.805845476817578e-07
3520.8842208109427,-6.102839227594319e-07
3520.933072789448,-4.760939728287353e-07
3520.981924767953,-3.7059768657981006e-07
3521.0307767464583,-2.87847504989566e-07
3521.079628724963,-2.2308606717586436e-07
3521.1284807034685,-1.7251747525669861e-07
3521.1773326819734,-1.3312047360775595e-07
3521.226184660479,-1.0249629406659502e-07
3521.2750366389837,-7.874508300980505e-08
3521.323888617489,-6.036582150286832e-08
3521.372740595994,-4.617549697177796e-08
3521.4215925744993,-3.524400306036941e-08
3521.470444553004,-2.684185079794815e-08
3521.5192965315096,-2.0398284256290934e-08
3521.5681485100145,-1.5467821247200086e-08
3521.61700048852,-1.1703596340492152e-08
3521.6658524670247,-8.83618017399338e-09
3521.71470444553,-6.656794882549498e-09
3521.763556424035,-5.0040484940610296e-09
3521.8124084025403,-3.753478197564606e-09
3521.861260381045,-2.8093293880657277e-09
3521.9101123595506,-2.098109358518734e-09
3521.958964338056,-1.5635457146872642e-09
3522.007816316561,-1.1626536357310896e-09
3522.0566682950657,-8.626760270870514e-10
3522.105520273571,-6.387089495344402e-10
3522.1543722520764,-4.718635763364894e-10
3522.2032242305813,-3.47847085923858e-10
3522.2520762090867,-2.558697934717844e-10
3522.3009281875916,-1.8780565740128167e-10
3522.349780166097,-1.3754904789443149e-10
3522.398632144602,-1.0052313627177702e-10
3522.447484123107,-7.330510956597587e-11
3522.496336101612,-5.3341163943266635e-11
3522.5451880801174,-3.8730311977495677e-11
3522.5940400586223,-2.8060797320293948e-11
3522.6428920371277,-2.028662290460237e-11
3522.6917440156326,-1.4634587070857688e-11
3522.740595994138,-1.053446248679195e-11
3522.789447972643,-7.56668580695329e-12
3522.838299951148,-5.4232627940118696e-12
3522.887151929653,-3.8786218393180195e-12
3522.9360039081585,-2.767937480588517e-12
3522.9848558866634,-1.971048759447619e-12
3523.0337078651687,-1.4005574033170734e-12
3523.0825598436736,-9.9304084168745e-13
3523.131411822179,-7.025805977592713e-13
3523.180263800684,-4.960074835733071e-13
3523.229115779189,-3.49416595041018e-13
3523.277967757694,-2.456191536834127e-13
3523.3268197361995,-1.722838304210831e-13
3523.3756717147044,-1.2058424522401049e-13
3523.4245236932097,-8.421715296418307e-14
3523.4733756717146,-5.869142426503103e-14
3523.52222765022,-4.081436240197405e-14
3523.571079628725,-2.8321472121806914e-14
3523.6199316072302,-1.9610254644058367e-14
3523.668783585735,-1.3549254609040764e-14
3523.7176355642405,-9.341411264082596e-15
3523.7664875427454,-6.4265021013859255e-15
3523.8153395212507,-4.411660043827693e-15
3523.8641914997556,-3.0220023447419653e-15
3523.913043478261,-2.065632578570767e-15
3523.961895456766,-1.4088897705795654e-15
3524.0107474352712,-9.588855252895434e-16
3524.059599413776,-6.512120902762673e-16
3524.1084513922815,-4.4131046843988377e-16
3524.1573033707864,-2.984229517597765e-16
3524.2061553492917,-2.013661953102273e-16
3524.2550073277966,-1.355836709808534e-16
3524.303859306302,-9.109505922442579e-17
3524.352711284807,-6.107296340077889e-17
3524.4015632633123,-4.085733410703377e-17
3524.450415241817,-2.7274578200549162e-17
3524.4992672203225,-1.8168252845308486e-17
3524.5481191988274,-1.2076345011445026e-17
3524.5969711773328,-8.009865070934887e-18
3524.6458231558377,-5.301299561909383e-18
3524.694675134343,-3.50112052845413e-18
3524.743527112848,-2.307275533815126e-18
3524.7923790913533,-1.5172587575988058e-18
3524.841231069858,-9.956065535811928e-19
3524.8900830483635,-6.519043053498202e-19
3524.9389350268684,-4.2593964642467183e-19
3524.987787005374,-2.7770295497219287e-19
3525.0366389838787,-1.8066800814060632e-19
3525.085490962384,-1.1728715002635284e-19
3525.134342940889,-7.597804793653065e-20
3525.1831949193943,-4.911277210171924e-20
3525.232046897899,-3.167885529754835e-20
3525.2808988764045,-2.0389816767276002e-20
3525.3297508549094,-1.3095620178457606e-20
3525.378602833415,-8.392818183343237e-21
3525.4274548119197,-5.367334324033761e-21
3525.476306790425,-3.425142611821804e-21
3525.52515876893,-2.181061626389012e-21
3525.5740107474353,-1.3858830056480743e-21
3525.62286272594,-8.78728358724535e-22
3525.6717147044455,-5.55971130920257e-22
3525.7205666829504,-3.510099679285357e-22
3525.769418661456,-2.211344219851835e-22
3525.8182706399607,-1.390154357570692e-22
3525.867122618466,-8.720463221167527e-23
3525.915974596971,-5.458659668663752e-23
3525.9648265754763,-3.409592632383152e-23
3526.0136785539817,-2.125147406526796e-23
3526.0625305324866,-1.3217392621023705e-23
3526.1113825109915,-8.203000983727756e-24
3526.160234489497,-5.0800741573475646e-24
3526.209086468002,-3.139335487337643e-24
3526.257938446507,-1.93586856642233e-24
3526.3067904250124,-1.1911996015849477e-24
3526.3556424035173,-7.314149183557355e-25
3526.4044943820227,-4.481400536516763e-25
3526.4533463605276,-2.73989835121661e-25
3526.502198339033,-1.6715753172690418e-25
3526.551050317538,-1.0176263050483463e-25
3526.599902296043,-6.181895256571353e-26
3526.648754274548,-3.747364753935576e-26
3526.6976062530534,-2.2667382093568613e-26
3526.7464582315583,-1.368194685152333e-26
3526.7953102100637,-8.240728983393432e-27
3526.8441621885686,-4.952843723478163e-27
3526.893014167074,-2.970400030133276e-27
3526.941866145579,-1.7776515633657512e-27
3526.990718124084,-1.0615727949263693e-27
3527.039570102589,-6.325930601478142e-28
3527.0884220810944,-3.761582802414524e-28
3527.1372740595993,-2.2319704839472735e-28
3527.1861260381047,-1.3215327881889474e-28
3527.2349780166096,-7.807988581157103e-29
3527.283829995115,-4.603330780319284e-29
3527.33268197362,-2.708176954880765e-29
3527.381533952125,-1.589841353653002e-29
3527.43038593063,-9.313276356120925e-30
3527.4792379091355,-5.444063643132097e-30
3527.5280898876404,-3.1755280423561985e-30
3527.5769418661457,-1.848335555006673e-30
3527.6257938446506,-1.0735390374127778e-30
3527.674645823156,-6.2219579805596235e-31
3527.723497801661,-3.5983927654156663e-31
3527.772349780166,-2.0766454949543858e-31
3527.821201758671,-1.1958825275483459e-31
3527.8700537371765,-6.872062212273261e-32
3527.9189057156814,-3.9405613872643795e-32
3527.9677576941867,-2.254766703331143e-32
3528.0166096726916,-1.287412363148556e-32
3528.065461651197,-7.335104935242794e-33
3528.114313629702,-4.1703031486661486e-33
3528.1631656082072,-2.36592844014611e-33
3528.212017586712,-1.33939388687071e-33
3528.2608695652175,-7.566373801998692e-34
3528.3097215437224,-4.265206771803139e-34
3528.3585735222277,-2.3991933385196334e-34
3528.4074255007326,-1.3466765764511842e-34
3528.456277479238,-7.542829836415911e-35
3528.505129457743,-4.2157835108433835e-35
3528.5539814362483,-2.3512311092521093e-35
3528.602833414753,-1.3085351898699225e-35
3528.6516853932585,-7.266890276131377e-36
3528.7005373717634,-4.027030772838515e-36
3528.7493893502688,-2.2268680416761337e-36
3528.7982413287737,-1.2287888019833385e-36
3528.847093307279,-6.766019949701079e-37
3528.895945285784,-3.7175995599149495e-37
3528.9447972642893,-2.0382867678808656e-37
3528.993649242794,-1.1151706807834431e-37
3529.0425012212995,-6.088226738023869e-38
3529.0913531998044,-3.316757713776134e-38
3529.1402051783098,-1.8030599567180353e-38
3529.1890571568147,-9.780929214690584e-39
3529.23790913532,-5.294483824575928e-39
3529.286761113825,-2.8598333966100512e-39
3529.3356130923303,-1.5414572110869493e-39
3529.384465070835,-8.290789357621503e-40
3529.4333170493405,-4.449733385319477e-40
3529.4821690278454,-2.3831195765774966e-40
3529.531021006351,-1.2735952983671919e-40
3529.5798729848557,-6.791893415532369e-41
3529.628724963361,-3.6142992824786524e-41
3529.677576941866,-1.919248581805384e-41
3529.7264289203713,-1.0169796078327552e-41
3529.775280898876,-5.377336226792104e-42
3529.8241328773815,-2.8372401882825596e-42
3529.8729848558864,-1.4938225376226635e-42
3529.921836834392,-7.84830617323347e-43
3529.9706888128967,-4.114593375087743e-43
3530.019540791402,-2.1525437832410586e-43
3530.0683927699074,-1.123702071021217e-43
3530.1172447484123,-5.853619846550917e-44
3530.1660967269177,-3.042790298785718e-44
3530.2149487054226,-1.5783151883139358e-44
3530.263800683928,-8.169390988512272e-45
3530.312652662433,-4.219489301323391e-45
3530.361504640938,-2.174725207142525e-45
3530.410356619443,-1.1184670776431452e-45
3530.4592085979484,-5.740059151589128e-46
3530.5080605764533,-2.939570662007232e-46
3530.5569125549587,-1.502193372949528e-46
3530.6057645334636,-7.660237011222662e-47
3530.654616511969,-3.897920948896712e-47
3530.703468490474,-1.9792394041861877e-47
3530.752320468979,-1.0028549848187043e-47
3530.801172447484,-5.0705197663068547e-48
3530.8500244259894,-2.5582405698034072e-48
3530.8988764044943,-1.2879673940929626e-48
3530.9477283829997,-6.470576343520677e-49
3530.9965803615046,-3.2438121629438576e-49
3531.04543234001,-1.6227181371824249e-49
3531.094284318515,-8.100375799743604e-50
3531.14313629702,-4.034985272407025e-50
3531.191988275525,-2.0056422681719805e-50
3531.2408402540304,-9.948091031902698e-51
3531.2896922325353,-4.923804590059647e-51
3531.3385442110407,-2.4318493732828203e-51
3531.3873961895456,-1.198525730963748e-51
3531.436248168051,-5.894309063235673e-52
3531.485100146556,-2.892632888084551e-52
3531.533952125061,-1.416539313118144e-52
3531.582804103566,-6.922115849773945e-53
3531.6316560820715,-3.3753905983322436e-53
3531.6805080605764,-1.6424198035235817e-53
3531.7293600390817,-7.974790721793759e-54
3531.7782120175866,-3.863931549177985e-54
3531.827063996092,-1.8681622073093416e-54
3531.875915974597,-9.013112464499515e-55
3531.924767953102,-4.3392040129309575e-55
3531.973619931607,-2.084588996650437e-55
3532.0224719101125,-9.993230979397017e-56
3532.0713238886174,-4.780425384416954e-56
3532.1201758671227,-2.2819299907372686e-56
3532.1690278456276,-1.086959250401892e-56
3532.217879824133,-5.166535335900306e-57
3532.266731802638,-2.4505341526352165e-57
3532.3155837811432,-1.1598380419675658e-57
3532.364435759648,-5.4778381036435734e-58
3532.4132877381535,-2.5816437315728612e-58
3532.4621397166584,-1.2141119063602309e-58
3532.5109916951637,-5.697658803450303e-59
3532.5598436736686,-2.668145380140365e-59
3532.608695652174,-1.246803146321922e-59
3532.657547630679,-5.813821016631943e-60
3532.7063996091842,-2.7052089264114974e-60
3532.755251587689,-1.2560744184038157e-60
3532.8041035661945,-5.8197637149164204e-61
3532.8529555446994,-2.6907340527068317e-61
3532.9018075232048,-1.2413997575852262e-61
3532.9506595017097,-5.715155007415722e-62
3532.999511480215,-2.6255474143522847e-62
3533.04836345872,-1.203613994405888e-62
3533.0972154372253,-5.505922834213311e-63
3533.14606741573,-2.513324461518251e-63
3533.1949193942355,-1.1448341049745234e-63
3533.2437713727404,-5.203698659284356e-64
3533.2926233512458,-2.3602462482252646e-64
3533.3414753297507,-1.0682628017589344e-64
3533.390327308256,-4.824746787329634e-65
3533.439179286761,-2.174435807517918e-65
3533.4880312652663,-9.778997136206603e-66
3533.536883243771,-4.3885163929046446e-66
3533.5857352222765,-1.9652455665017268e-66
3533.6345872007814,-8.781963657011338e-67
3533.683439179287,-3.915995387291945e-67
3533.7322911577917,-1.7424825958449122e-67
3533.781143136297,-7.736962345958524e-68
3533.829995114802,-3.4280590138809467e-68
3533.8788470933073,-1.5156603289623464e-68
3533.9276990718126,-6.686999332086716e-69
3533.9765510503175,-2.943991106104916e-69
3534.0254030288224,-1.2933543849892943e-69
3534.074255007328,-5.669887386850716e-70
3534.123106985833,-2.480316990782467e-70
3534.171958964338,-1.0827191538837964e-70
3534.2208109428434,-4.71628826631116e-71
3534.2696629213483,-2.050032608714688e-71
3534.3185148998537,-8.891952123964761e-72
3534.3673668783586,-3.8486586657305393e-72
3534.416218856864,-1.6622549038222767e-72
3534.465070835369,-7.164102837646936e-73
3534.513922813874,-3.081072905352943e-73
3534.562774792379,-1.3222638572342862e-73
3534.6116267708844,-5.6625269450383576e-74
3534.6604787493893,-2.4197943139907167e-74
3534.7093307278947,-1.031864452368076e-74
3534.7581827063996,-4.390792292060597e-75
3534.807034684905,-1.8644004134086432e-75
3534.85588666341,-7.899717423459896e-76
3534.904738641915,-3.340104114255684e-76
3534.95359062042,-1.4092386532094435e-76
3535.0024425989254,-5.9331481986362744e-77
3535.0512945774303,-2.4926538093577303e-77
3535.1001465559357,-1.0449965779926157e-77
3535.1489985344406,-4.371635215587262e-78
3535.197850512946,-1.8249422288531124e-78
3535.246702491451,-7.602046045130072e-79
3535.295554469956,-3.1600070599546947e-79
3535.344406448461,-1.3107558490347747e-79
3535.3932584269664,-5.425399989377106e-80
3535.4421104054713,-2.2408765837191167e-80
3535.4909623839767,-9.235923879839258e-81
3535.5398143624816,-3.798560024624656e-81
3535.588666340987,-1.5589561365785402e-81
3535.637518319492,-6.384473133021766e-82
3535.686370297997,-2.609110716418281e-82
3535.735222276502,-1.063986804601212e-82
3535.7840742550075,-4.329684742411268e-83
3535.8329262335124,-1.758136619117993e-83
3535.8817782120177,-7.124022568245554e-84
3535.9306301905226,-2.8805424992291514e-84
3535.979482169028,-1.162250207495833e-84
3536.028334147533,-4.6795202755685737e-85
3536.077186126038,-1.8800932964224388e-85
3536.126038104543,-7.537613174867631e-86
3536.1748900830485,-3.0155371234483445e-86
3536.2237420615534,-1.2038487097132751e-86
3536.2725940400587,-4.795739156614821e-87
3536.3214460185636,-1.9064069629397252e-87
3536.370297997069,-7.562268764823771e-88
3536.419149975574,-2.99340198252715e-88
3536.468001954079,-1.1823727909213064e-88
3536.516853932584,-4.6603686683489654e-89
3536.5657059110895,-1.8330005381166132e-89
3536.6145578895944,-7.194181545703577e-90
3536.6634098680997,-2.817582788748861e-90
3536.7122618466046,-1.1011550641992905e-90
3536.76111382511,-4.294343568021282e-91
3536.809965803615,-1.671173789652395e-91
3536.8588177821202,-6.489675413970988e-92
3536.907669760625,-2.5147850928323617e-92
3536.9565217391305,-9.724232405694162e-93
3537.0053737176354,-3.752203143075234e-93
3537.0542256961407,-1.444754068662221e-93
3537.1030776746456,-5.55108770525399e-94
3537.151929653151,-2.1283293840859434e-94
3537.200781631656,-8.142845437056714e-95
3537.2496336101613,-3.108781145561461e-95
3537.298485588666,-1.1843517993085337e-95
3537.3473375671715,-4.502439906942007e-96
3537.3961895456764,-1.7080153176902144e-96
3537.4450415241818,-6.465650742351986e-97
3537.4938935026867,-2.4423582918785257e-97
3537.542745481192,-9.206258612740387e-98
3537.591597459697,-3.462849660171189e-98
3537.6404494382023,-1.2997528649175468e-98
3537.689301416707,-4.868157474348031e-99
3537.7381533952125,-1.8194710524238075e-99
3537.7870053737174,-6.785820828320675e-100
3537.835857352223,-2.5254358481134636e-100
3537.8847093307277,-9.378794420560942e-101
3537.933561309233,-3.475637092026412e-101
3537.9824132877384,-1.285282428598686e-101
3538.0312652662433,-4.742850827262101e-102
3538.080117244748,-1.7464538628961427e-102
3538.1289692232535,-6.417288049548901e-103
3538.177821201759,-2.3530043134811004e-103
3538.226673180264,-8.609356550050415e-104
3538.275525158769,-3.143369640684479e-104
3538.324377137274,-1.1452413280298011e-104
3538.3732291157794,-4.163661117701293e-105
3538.4220810942843,-1.5105341602013588e-105
3538.4709330727896,-5.468428633568786e-106
3538.5197850512945,-1.9754742601007228e-106
3538.5686370298,-7.121263222774929e-107
3538.617489008305,-2.5616485583201567e-107
3538.66634098681,-9.195151893669707e-108
3538.715192965315,-3.2936324160205435e-108
3538.7640449438204,-1.1772486922026e-108
3538.8128969223253,-4.19892560663018e-109
3538.8617489008307,-1.4944625157699995e-109
3538.9106008793356,-5.3077292727264286e-110
3538.959452857841,-1.881089231285848e-110
3539.008304836346,-6.652531451332743e-111
3539.057156814851,-2.3476934488124908e-111
3539.106008793356,-8.267472507078413e-112
3539.1548607718614,-2.9052335954609045e-112
3539.2037127503663,-1.0187468759860437e-112
3539.2525647288717,-3.564744959882775e-113
3539.3014167073766,-1.2447083006133493e-113
3539.350268685882,-4.336942491165685e-114
3539.399120664387,-1.5079144517587905e-114
3539.447972642892,-5.231746749374325e-115
3539.496824621397,-1.8113138140229818e-115
3539.5456765999024,-6.257742218074666e-116
3539.5945285784073,-2.1573401622071536e-116
3539.6433805569127,-7.421583626995064e-117
3539.6922325354176,-2.5477191191792488e-117
3539.741084513923,-8.727372595419972e-118
3539.789936492428,-2.9832696251429243e-118
3539.838788470933,-1.0176033287133997e-118
3539.887640449438,-3.4637103093175385e-119
3539.9364924279434,-1.1764721281128883e-119
3539.9853444064483,-3.98748228811402e-120
3540.0341963849537,-1.3486303890037167e-120
3540.0830483634586,-4.551600880632118e-121
3540.131900341964,-1.532895210286447e-121
3540.180752320469,-5.151548954609922e-122
3540.229604298974,-1.7275883677678842e-122
3540.278456277479,-5.781223953047192e-123
3540.3273082559845,-1.930529330140832e-123
3540.3761602344894,-6.43294902019893e-124
3540.4250122129947,-2.1390499016186147e-124
3540.4738641914996,-7.097556036685811e-125
3540.522716170005,-2.3500324389938455e-125
3540.57156814851,-7.764544864494431e-126
3540.620420127015,-2.559972357078064e-126
3540.66927210552,-8.422318861373663e-127
3540.7181240840255,-2.76506420795565e-127
3540.7669760625304,-9.058492003596734e-128
3540.8158280410357,-2.9613090881929046e-128
3540.8646800195406,-9.66025807996504e-129
3540.913531998046,-3.144639604962282e-129
3540.962383976551,-1.0214807758756582e-129
3541.0112359550562,-3.311057237958001e-130
3541.060087933561,-1.0709775269343324e-130
3541.1089399120665,-3.4567757894437863e-131
3541.1577918905714,-1.1133693347672625e-131
3541.2066438690767,-3.5783638280751266e-132
3541.2554958475816,-1.1476433279416297e-132
3541.304347826087,-3.672878688176031e-133
3541.353199804592,-1.172960655599221e-133
3541.4020517830972,-3.737984736857522e-134
3541.450903761602,-1.1886905940120693e-134
3541.4997557401075,-3.7720492788616414e-135
3541.5486077186124,-1.1944366590211128e-135
3541.5974596971178,-3.774210602628794e-136
3541.6463116756227,-1.1900532152395804e-136
3541.695163654128,-3.74441420849257e-137
3541.744015632633,-1.1756516106675206e-137
3541.7928676111383,-3.6834150926319314e-138
3541.841719589643,-1.1515954759618804e-138
3541.8905715681485,-3.592745953161184e-139
3541.9394235466534,-1.1184854654047188e-139
3541.9882755251588,-3.4746531874980657e-140
3542.037127503664,-1.077134333462551e-140
3542.085979482169,-3.3320044120419275e-141
3542.134831460674,-1.0285337906518708e-141
3542.1836834391793,-3.168172818219102e-142
3542.2325354176846,-9.7381502460828e-143
3542.2813873961895,-2.986904870589202e-143
3542.330239374695,-9.142050779676286e-144
3542.3790913532,-2.792178575469821e-144
3542.427943331705,-8.509814228838351e-145
3542.47679531021,-2.588059766182747e-145
3542.5256472887154,-7.854270619643304e-146
3542.5744992672203,-2.3785635701481345e-146
3542.6233512457256,-7.187883218837111e-147
3542.6722032242305,-2.1675274906696813e-147
3542.721055202736,-6.522372123229026e-148
3542.769907181241,-1.9585014334301725e-148
3542.818759159746,-5.868398276652359e-149
3542.867611138251,-1.754658640256422e-149
3542.9164631167564,-5.235318086617504e-150
3542.9653150952613,-1.5587299800776706e-150
3543.0141670737667,-4.63101394497514e-151
3543.0630190522716,-1.3729625107172727e-151
3543.111871030777,-4.061801197914423e-152
3543.160723009282,-1.199101777901814e-152
3543.209574987787,-3.532407791655095e-153
3543.258426966292,-1.0383960544587312e-153
3543.3072789447974,-3.0460192044578904e-154
3543.3561309233023,-8.916197135030138e-155
3543.4049829018077,-2.604378542401131e-155
3543.4538348803126,-7.591122170092719e-156
3543.502686858818,-2.2079299149600776e-156
3543.551538837323,-6.408287996561728e-157
3543.600390815828,-1.8559924187564775e-157
3543.649242794333,-5.363988252128448e-158
3543.6980947728384,-1.546952169557302e-158
3543.7469467513433,-4.451879552917171e-159
3543.7957987298487,-1.2784606994375555e-159
3543.8446507083536,-3.663606484228108e-160
3543.893502686859,-1.0476295037754078e-160
3543.942354665364,-2.989400421665252e-161
3543.991206643869,-8.51212387910967e-162
3544.040058622374,-2.4186290048164626e-162
3544.0889106008794,-6.857693324640637e-163
3544.1377625793843,-1.9402797366432215e-163
3544.1866145578897,-5.478076924400326e-164
3544.2354665363946,-1.5433676700566246e-164
3544.2843185149,-4.3389851980802055e-165
3544.333170493405,-1.217263053813789e-165
3544.38202247191,-3.40767539547672e-166
3544.430874450415,-9.519398475232116e-167
3544.4797264289205,-2.6536174128934945e-167
3544.5285784074254,-7.3815000688405295e-168
3544.5774303859307,-2.0489363617988057e-168
3544.6262823644356,-5.675313246738302e-169
3544.675134342941,-1.5686596820093045e-169
3544.723986321446,-4.326584250875925e-170
3544.772838299951,-1.1908008424389033e-170
3544.821690278456,-3.2704735615096677e-171
3544.8705422569615,-8.963130036487486e-172
3544.9193942354664,-2.451242628502778e-172
3544.9682462139717,-6.689450690731672e-173
3545.0170981924766,-1.821680332138476e-173
3545.065950170982,-4.950299126248088e-174
3545.114802149487,-1.3423577645651384e-174
3545.1636541279922,-3.6323081383809337e-175
3545.212506106497,-9.807869072365737e-176
3545.2613580850025,-2.642677765393145e-176
3545.3102100635074,-7.105445954333034e-177
3545.3590620420127,-1.906408881261224e-177
3545.4079140205176,-5.104090317586566e-178
3545.456765999023,-1.3636353102488087e-178
3545.505617977528,-3.635429435883475e-179
3545.5544699560332,-9.671432321668454e-180
3545.603321934538,-2.5674587523485897e-180
3545.6521739130435,-6.801328587378103e-181
3545.7010258915484,-1.797883912879919e-181
3545.7498778700538,-4.742497894188058e-182
3545.7987298485587,-1.248332454024535e-182
3545.847581827064,-3.278921307685403e-183
3545.896433805569,-8.594277013055773e-184
3545.9452857840743,-2.247839644908501e-184
3545.994137762579,-5.8667682562121787e-185
3546.0429897410845,-1.5279536207983817e-185
3546.09184171959,-3.970992304794132e-186
3546.1406936980948,-1.0298300432840396e-186
3546.1895456766,-2.665076691588234e-187
3546.238397655105,-6.882266881855131e-188
3546.2872496336104,-1.7734990367589106e-188
3546.3361016121153,-4.5604537517151515e-189
3546.3849535906206,-1.1702073182390561e-189
3546.4338055691255,-2.99636849468586e-190
3546.482657547631,-7.656059428118692e-191
3546.531509526136,-1.9520594256746064e-191
3546.580361504641,-4.966591504511324e-192
3546.629213483146,-1.260960607492895e-192
3546.6780654616514,-3.1946425511308524e-193
3546.7269174401563,-8.076453597829669e-194
3546.7757694186616,-2.0374962278958263e-194
3546.8246213971665,-5.129211515013052e-195
3546.873473375672,-1.288493081485719e-195
3546.922325354177,-3.2299162665654904e-196
3546.971177332682,-8.079381765802258e-197
3547.020029311187,-2.016706474414152e-197
3547.0688812896924,-5.023251873637549e-198
3547.1177332681973,-1.2485470704717314e-198
3547.1665852467027,-3.0967246480504813e-199
3547.2154372252076,-7.664396617544205e-200
3547.264289203713,-1.8929147794091357e-200
3547.313141182218,-4.6651097852508535e-201
3547.361993160723,-1.147282562801815e-201
3547.410845139228,-2.8155071734067736e-202
3547.4596971177334,-6.894783082001123e-203
3547.5085490962383,-1.6848541162876944e-203
3547.5574010747437,-4.1084852208565206e-204
3547.6062530532486,-9.997211672099097e-205
3547.655105031754,-2.4274694990878693e-205
3547.703957010259,-5.881748013941845e-206
3547.752808988764,-1.4221217832531863e-206
3547.801660967269,-3.431191104974148e-207
3547.8505129457744,-8.260964830231075e-208
3547.8993649242793,-1.9846978041755397e-208
3547.9482169027847,-4.758124024824526e-209
3547.9970688812896,-1.1382951432668358e-209
3548.045920859795,-2.7173887069621125e-210
3548.0947728383,-6.473310083173522e-211
3548.143624816805,-1.5387881032891388e-211
3548.19247679531,-3.6501355796167465e-212
3548.2413287738154,-8.640063650768812e-213
3548.2901807523203,-2.0408104072224454e-213
3548.3390327308257,-4.810233449837405e-214
3548.3878847093306,-1.13137720883936e-214
3548.436736687836,-2.655378767724711e-215
3548.485588666341,-6.219039487782834e-216
3548.534440644846,-1.4534427723770202e-216
3548.583292623351,-3.3896148036947104e-217
3548.6321446018565,-7.888247898144787e-218
3548.6809965803614,-1.8318442571636716e-218
3548.7298485588667,-4.2449672218162275e-219
3548.7787005373716,-9.816076502837469e-220
3548.827552515877,-2.26505801434942e-220
3548.876404494382,-5.215530989939537e-221
3548.925256472887,-1.198382719541277e-221
3548.974108451392,-2.7477065919894507e-222
3549.0229604298975,-6.2867036120119296e-223
3549.0718124084024,-1.435335516617789e-223
3549.1206643869077,-3.2701049764265437e-224
3549.1695163654126,-7.434431735037438e-225
3549.218368343918,-1.6865984011053882e-225
3549.267220322423,-3.818153778840448e-226
3549.316072300928,-8.625275493632986e-227
3549.364924279433,-1.9443317380141338e-227
3549.4137762579385,-4.3736657342385164e-228
3549.4626282364434,-9.817448831010839e-229
3549.5114802149487,-2.1990218389130323e-229
3549.5603321934536,-4.915167007159649e-230
3549.609184171959,-1.0962884990301896e-230
3549.658036150464,-2.4399969442840128e-231
3549.7068881289692,-5.419154769949863e-232
3549.755740107474,-1.2010239745168412e-232
3549.8045920859795,-2.656131984156821e-233
3549.8534440644844,-5.86172555708324e-234
3549.9022960429897,-1.290860073199778e-234
3549.951148021495,-2.8366824043431845e-235
3550.0,-6.2204259373483965e-236
