260,0.0034783270926271
260.0879335613092,-0.009895028994576288
260.1758671226185,-0.01657748811495809
260.2638006839277,0.03950384584331768
260.3517342452369,-0.02988616701358324
260.4396678065461,-0.02067351010526619
260.5276013678554,0.02731983264349511
260.6155349291647,0.04216465850979941
260.7034684904739,-0.029454884132716
260.7914020517831,0.03133305681326139
260.8793356130923,-0.00406741203053797
260.9672691744016,-0.01441342289337372
261.0552027357108,-0.04282098275101776
261.14313629702,-0.0001335126442712389
261.2310698583292,-0.005321294500705785
261.3190034196385,0.02897381459027332
261.4069369809477,0.07999200025634796
261.4948705422569,0.05957704760329506
261.5828041035662,-0.00570169628515046
261.6707376648754,0.003072746717270783
261.7586712261847,-0.02904804842712962
261.8466047874939,0.04694673461268741
261.9345383488031,0.02023148555709774
262.0224719101124,0.02728335663960067
262.1104054714216,-0.01871617425529136
262.1983390327308,-0.03343613013980486
262.28627259404,0.001998247914859266
262.3742061553493,-0.03199344845386071
262.4621397166585,0.001040242757022211
262.5500732779678,0.03651989389598801
262.638006839277,-0.02181603835364905
262.7259404005862,0.02623050092352871
262.8138739618955,-0.02720502181025406
262.9018075232047,-0.004856553203484796
262.9897410845139,0.0395030996854361
263.0776746458232,0.0440790132027133
263.1656082071324,-0.007566301156430748
263.2535417684416,-0.05685930864685184
263.3414753297508,0.02324732465939535
263.4294088910601,-0.003868954868136495
263.5173424523693,0.02456096571967514
263.6052760136786,-0.01742263187765472
263.6932095749878,-0.0365554239119312
263.781143136297,0.01630816498924216
263.8690766976063,0.01409148666953631
263.9570102589155,-0.009990943596200999
264.0449438202247,-0.001818572036579405
264.1328773815339,-0.008647338360932691
264.2208109428432,0.01292762823988084
264.3087445041524,0.01373110991462872
264.3966780654616,-0.01648153216424548
264.4846116267709,-0.01888777210169594
264.5725451880801,-0.002907851077900545
264.6604787493894,-0.001923898067047532
264.7484123106986,-0.1016998845788035
264.8363458720078,-0.03357564346562084
264.9242794333171,0.02928123452821612
265.0122129946263,0.01784392892280092
265.1001465559355,-0.01507152888143357
265.1880801172447,0.00148588187847374
265.276013678554,-0.0215440889047102
265.3639472398632,-0.001554042526341786
265.4518808011724,-0.01782811851046923
265.5398143624817,-0.007974386883477048
265.6277479237909,0.08240556376339944
265.7156814851002,0.03133944026321407
265.8036150464094,0.006608311894854366
265.8915486077186,0.06693803735586372
265.9794821690278,0.01086139416833718
266.0674157303371,-0.02405408718842419
266.1553492916463,0.001659071811359407
266.2432828529555,0.07067606977429156
266.3312164142648,-0.002954433048904623
266.419149975574,-0.005649532066527376
266.5070835368832,0.0796691387746022
266.5950170981925,0.04218385516839745
266.6829506595017,-0.02284288678116172
266.770884220811,0.03998891236883434
266.8588177821202,-0.0354329319119978
266.9467513434294,-0.01099165114447951
267.0346849047386,-0.01778303074503205
267.1226184660479,0.02246928531952627
267.2105520273571,0.06025557825388608
267.2984855886663,0.01781829398071177
267.3864191499756,0.04181405173404964
267.4743527112848,-0.04122848977400724
267.5622862725941,-0.0196399594310717
267.6502198339033,0.06185985041702372
267.7381533952125,0.03157725032856088
267.8260869565217,0.03514407933376461
267.914020517831,0.005326840693271093
268.0019540791402,0.0142333022087919
268.0898876404494,-0.01189733723596176
268.1778212017587,-0.02307317699257472
268.2657547630679,-0.02802587378896387
268.3536883243771,0.003370140790819829
268.4416218856863,0.04190312014093856
268.5295554469956,-0.0145168444851795
268.6174890083049,0.005130262014452111
268.7054225696141,0.04935992374988163
268.7933561309233,0.008694432522527244
268.8812896922325,-0.005639417135779778
268.9692232535418,-0.01688615760604561
269.057156814851,0.03785259377615464
269.1450903761602,-0.005537110477434303
269.2330239374695,0.03557828942350574
269.3209574987787,-0.07264265419838772
269.4088910600879,0.0144179434953125
269.4968246213972,-0.007550293808742933
269.5847581827064,0.04801385698531258
269.6726917440157,-0.02234353940135306
269.7606253053249,0.01062263212482964
269.8485588666341,0.0364481708948391
269.9364924279433,-0.0475956866093098
270.0244259892526,-0.02017733097454684
270.1123595505618,-0.04467823224249975
270.200293111871,-0.005784560265186897
270.2882266731802,0.01665912435209664
270.3761602344895,-0.01263837586060349
270.4640937957987,0.0154622588141087
270.552027357108,-0.006387262110700955
270.6399609184172,-0.00138337215261499
270.7278944797264,0.03807107783804281
270.8158280410357,-0.008338893705789663
270.9037616023449,0.04104652872264253
270.9916951636541,0.003164618448313705
271.0796287249634,-0.002399059758867633
271.1675622862726,0.03638719594708181
271.2554958475818,0.04207585087074671
271.343429408891,0.04273868983269567
271.4313629702003,-0.007121834139719485
271.5192965315096,-0.01825204097497055
271.6072300928188,0.02963912014070384
271.695163654128,-0.01215073099426588
271.7830972154372,0.05760536053691225
271.8710307767465,-0.02454361306862433
271.9589643380557,0.03322272148081876
272.0468978993649,0.01242475246892828
272.1348314606741,-0.001395386609007889
272.2227650219834,0.01596508839054006
272.3106985832926,-0.01068193831055121
272.3986321446018,0.002988181493258845
272.4865657059111,-0.01010513164826931
272.5744992672203,0.02704457129449163
272.6624328285296,0.004398757770110258
272.7503663898388,0.0416305472784294
272.838299951148,0.06147926812793789
272.9262335124573,0.01937957848229067
273.0141670737665,-0.005789166439821462
273.1021006350757,0.02810177788511766
273.1900341963849,-0.04484327711064563
273.2779677576942,-0.03307971679920844
273.3659013190034,-0.01113964307140353
273.4538348803126,0.01311305280210792
273.5417684416219,-0.01141312069778045
273.6297020029311,0.02047227449497185
273.7176355642404,0.02907279853241527
273.8055691255496,0.0177414438238995
273.8935026868588,0.008606269274513741
273.9814362481681,0.0152346997582246
274.0693698094773,-0.006086364528139291
274.1573033707865,-0.0150820987666144
274.2452369320957,-0.000260622951714232
274.333170493405,0.005228671842454171
274.4211040547142,0.01619352999737661
274.5090376160234,-0.01324253723589213
274.5969711773327,0.02443963201423882
274.6849047386419,0.009791333306773328
274.7728382999512,-0.06826590785165762
274.8607718612604,-0.01234269452281941
274.9487054225696,-0.04328685543728143
275.0366389838788,-0.008316311147038071
275.1245725451881,-0.03028342791275108
275.2125061064973,-0.02353239305560123
275.3004396678065,-0.005495073997189438
275.3883732291158,0.02970562209950163
275.476306790425,0.004151595867154834
275.5642403517343,0.02564922756492223
275.6521739130435,0.01369898237852237
275.7401074743527,0.02369031524147958
275.828041035662,-0.02747932542061865
275.9159745969712,0.03257175999331209
276.0039081582804,0.01653566282972178
276.0918417195896,-0.004754600374834193
276.1797752808989,-0.008444759256867735
276.2677088422081,-0.03939213203581787
276.3556424035173,-0.003350985934427165
276.4435759648266,-0.009198932968876038
276.5315095261358,0.01448209309900479
276.6194430874451,0.01752578300149667
276.7073766487543,-0.03182338992165616
276.7953102100635,-0.0002861904406324198
276.8832437713727,0.05064222453224512
276.971177332682,-0.03225909372495134
277.0591108939912,0.01501730189313807
277.1470444553004,-0.02011639193858161
277.2349780166097,-0.01800331302477931
277.3229115779189,0.005639891928536998
277.4108451392281,0.01803314625084288
277.4987787005374,-0.005167737619412568
277.5867122618466,-0.003423861473619417
277.6746458231559,0.003247484606696382
277.7625793844651,0.03216111881079715
277.8505129457743,-0.006831812472444271
277.9384465070835,0.04959133172530662
278.0263800683928,0.04195826128792025
278.114313629702,0.07686796194537217
278.2022471910112,0.01581026629487828
278.2901807523205,0.03463517051902494
278.3781143136297,0.008144127232345713
278.4660478749389,0.0003617883330378786
278.5539814362482,0.04654636476441954
278.6419149975574,0.02323949855661355
278.7298485588666,-0.02372408177335486
278.8177821201759,0.05795249529523921
278.9057156814851,0.03140148442574789
278.9936492427943,0.0247517848826664
279.0815828041036,0.01581942713769904
279.1695163654128,0.002012402375360397
279.257449926722,0.003230940067055174
279.3453834880312,0.02563079066278431
279.4333170493405,0.03467994485340616
279.5212506106498,0.07169781179021677
279.609184171959,0.0003309600623292216
279.6971177332682,0.01117592328527557
279.7850512945774,-0.02980969284342233
279.8729848558867,0.02058291590983023
279.9609184171959,-0.00783824781653655
280.0488519785051,0.03009044452546737
280.1367855398144,0.02628546423398911
280.2247191011236,0.0222286566549298
280.3126526624328,-0.0008398627066391415
280.400586223742,0.02314370888373594
280.4885197850513,0.02929560905127873
280.5764533463606,-0.0403633233270915
280.6643869076698,0.00498455561434819
280.752320468979,0.02101424383958028
280.8402540302882,-0.02072788486363162
280.9281875915975,0.01035311719803239
281.0161211529067,0.04074149043973067
281.1040547142159,-0.01201669501967597
281.1919882755251,-0.06312889746209611
281.2799218368344,0.0122550511160292
281.3678553981436,0.02567934262800929
281.4557889594528,0.01983094911615211
281.5437225207621,-0.01936654840847262
281.6316560820713,0.00868771645750584
281.7195896433806,0.04655216502243974
281.8075232046898,-0.007534599880163407
281.895456765999,0.03388748546214224
281.9833903273083,0.01005474934609172
282.0713238886175,-0.01050101178269458
282.1592574499267,0.02121630345648281
282.2471910112359,-0.001382581946967398
282.3351245725452,0.006913898740559938
282.4230581338544,0.07242982064468403
282.5109916951636,0.03837839288180715
282.5989252564729,0.02509579108907852
282.6868588177821,-0.0262842300590324
282.7747923790914,0.05115261265581857
282.8627259404006,0.0004356668690995991
282.9506595017098,0.0633870197446439
283.0385930630191,0.08856960989645978
283.1265266243283,0.04404954894983604
283.2144601856375,0.02287186970855281
283.3023937469467,0.008331067407274351
283.390327308256,0.02461378902330207
283.4782608695652,-0.02302099319489205
283.5661944308745,0.01785278466512423
283.6541279921837,-0.001182659376797797
283.7420615534929,0.007839864226892661
283.8299951148022,-0.006732860888653198
283.9179286761114,-0.01024028964091147
284.0058622374206,0.01025332195249929
284.0937957987298,0.03633643254764895
284.1817293600391,0.01835334354557944
284.2696629213483,-0.05188493326317247
284.3575964826575,0.01513839696126101
284.4455300439668,-0.01125669427108533
284.533463605276,0.009284376256152766
284.6213971665853,0.002297275364990328
284.7093307278945,0.0366810819381487
284.7972642892037,-0.05299038598224554
284.885197850513,0.0264396327621921
284.9731314118222,0.007306392891160245
285.0610649731314,-0.005195019477180955
285.1489985344406,-0.02139997503087066
285.2369320957499,-0.01027526568191119
285.3248656570591,0.03513613863946086
285.4127992183683,-0.004492613304785953
285.5007327796776,0.0375257024597527
285.5886663409868,0.0421217054056899
285.6765999022961,-0.004100062519039407
285.7645334636053,0.01292826450540346
285.8524670249145,0.04691504235064927
285.9404005862237,0.01064521299837834
286.028334147533,0.05295109532206982
286.1162677088422,1.302102557765999e-05
286.2042012701514,0.001296679790739001
286.2921348314607,0.05710336219444283
286.3800683927699,-0.02426933888670941
286.4680019540791,0.03195137187208753
286.5559355153884,0.04119378728432438
286.6438690766976,-0.005480887707955878
286.7318026380069,0.01115351551075713
286.8197361993161,0.02948116362431645
286.9076697606253,0.04605913901599694
286.9956033219345,0.00741493551499172
287.0835368832438,0.02721925367584364
287.171470444553,-0.01836757168328999
287.2594040058622,0.002996591705850196
287.3473375671715,0.03170629216256821
287.4352711284807,0.01390647945143609
287.52320468979,0.02673849378380364
287.6111382510992,0.02140557452275303
287.6990718124084,0.03391635010349572
287.7870053737176,-0.01302535097500813
287.8749389350269,0.02751047627242614
287.9628724963361,-0.008896692262673984
288.0508060576453,0.02304693035322417
288.1387396189546,0.01882773853203416
288.2266731802638,0.01728989750162379
288.314606741573,-0.02568107953731813
288.4025403028822,0.04156286228728485
288.4904738641915,-0.009383058412297137
288.5784074255008,0.00914302166628774
288.66634098681,0.05614503116250268
288.7542745481192,0.02273317266317562
288.8422081094284,0.03149631401628276
288.9301416707377,0.03219920946595775
289.0180752320469,0.03136098780909848
289.1060087933561,-0.02480136608287402
289.1939423546654,0.02095390418447318
289.2818759159746,0.04034931034625904
289.3698094772838,0.02101760973166841
289.457743038593,0.06800886765922048
289.5456765999023,0.0375585549588425
289.6336101612115,-0.0189600785163745
289.7215437225208,0.05093798862161316
289.80947728383,0.005793031108051239
289.8974108451392,0.01842991414232133
289.9853444064485,0.01527440998961175
290.0732779677577,0.02817009366961477
290.1612115290669,0.04038382315549728
290.2491450903761,0.002876419417969265
290.3370786516854,0.02159539230328926
290.4250122129946,0.01869536298441691
290.5129457743038,0.062859892340195
290.6008793356131,0.009446720207210596
290.6888128969223,-0.008943869961648386
290.7767464582316,0.004868437710829919
290.8646800195408,0.0215037521347543
290.95261358085,0.01252811223211374
291.0405471421593,0.0403604876633744
291.1284807034685,0.06353132185563043
291.2164142647777,0.009948828004372964
291.3043478260869,0.05247936206132382
291.3922813873962,0.04544445900163916
291.4802149487054,0.05163703866786518
291.5681485100147,0.05283738785778332
291.6560820713239,-0.01101328468754558
291.7440156326331,0.04470765356690513
291.8319491939424,0.06919923090892133
291.9198827552516,0.06772491498614391
292.0078163165608,0.02265261694764792
292.09574987787,0.03844978048874964
292.1836834391793,-0.008094270135720654
292.2716170004885,0.05146568934616035
292.3595505617977,0.04697980613062513
292.447484123107,0.08418614733821972
292.5354176844162,0.02983354026888896
292.6233512457255,0.05092081760383467
292.7112848070347,0.06415335651057659
292.7992183683439,0.04981463902282093
292.8871519296532,0.06970575040185835
292.9750854909624,0.02454585334676689
293.0630190522716,0.03670789143546039
293.1509526135808,0.04496172439204083
293.2388861748901,0.00506897259862199
293.3268197361993,0.07059489177357357
293.4147532975085,0.06296518686005619
293.5026868588178,0.02795896532612328
293.590620420127,0.0461861158431985
293.6785539814363,0.04917382205414627
293.7664875427455,0.05193263850695459
293.8544211040547,0.09748845588126637
293.942354665364,0.01529213483900722
294.0302882266732,0.01143954398215736
294.1182217879824,0.05075351683135033
294.2061553492916,0.06577514960542401
294.2940889106009,0.08034995080617864
294.3820224719101,0.004050339147271008
294.4699560332193,0.006063798183754805
294.5578895945285,0.0642304004212657
294.6458231558378,-0.01179995819168266
294.7337567171471,0.03161097454235554
294.8216902784563,-0.008056369001543225
294.9096238397655,0.07932947189543293
294.9975574010747,0.05895129230949604
295.085490962384,0.06059829986950939
295.1734245236932,0.0007179455915844596
295.2613580850024,0.1125256423790801
295.3492916463117,0.03733707971745238
295.4372252076209,0.0537672557874584
295.5251587689302,0.001157775189256492
295.6130923302394,0.005526527250465652
295.7010258915486,0.05806997874997718
295.7889594528579,0.05413839354920245
295.8768930141671,0.08125756339910384
295.9648265754763,0.09322120565611214
296.0527601367855,0.0333123939955499
296.1406936980948,0.03798008760440615
296.228627259404,0.05406622851059448
296.3165608207132,0.04202424311122509
296.4044943820224,0.04511381893390851
296.4924279433317,0.05283247447498809
296.5803615046409,0.01458776495086062
296.6682950659502,0.0479967587874483
296.7562286272594,0.04454885203154198
296.8441621885686,0.03490751854836439
296.9320957498779,0.08108863813913419
297.0200293111871,0.02035239889162185
297.1079628724963,0.07998563589511334
297.1958964338056,0.07818995777943902
297.2838299951148,0.04888902530051918
297.371763556424,0.03466343727109428
297.4596971177333,0.01159961933211053
297.5476306790425,-0.003581370651606589
297.6355642403518,0.07191749190345867
297.723497801661,0.04060511626960541
297.8114313629702,0.03502345042715956
297.8993649242794,0.04921308295253243
297.9872984855887,0.074775053561114
298.0752320468979,0.07466708187672103
298.1631656082071,0.03851605114953134
298.2510991695164,0.04666718227892964
298.3390327308256,0.05333739242298604
298.4269662921348,0.04273105113292582
298.514899853444,0.05012000476187112
298.6028334147533,0.1174190204820288
298.6907669760625,0.03928054176858947
298.7787005373718,0.06887483137223253
298.866634098681,0.006920102569897724
298.9545676599902,0.05009767952888423
299.0425012212995,0.05776882182294463
299.1304347826087,-0.006690248639618854
299.2183683439179,0.05825803983850919
299.3063019052271,0.04619636327844194
299.3942354665364,0.07083267369561687
299.4821690278457,0.03543032246454624
299.5701025891549,0.09125843334261463
299.6580361504641,0.06339479894657332
299.7459697117733,0.05465090430012999
299.8339032730826,0.09919045721055889
299.9218368343918,0.04365755018198802
300.009770395701,0.08790306329257162
300.0977039570103,0.04379423694898472
300.1856375183195,0.1183472766783229
300.2735710796287,0.0866315022360676
300.3615046409379,0.07539381055774749
300.4494382022472,0.1363477837504559
300.5373717635564,0.06613046413808617
300.6253053248657,0.08759287490656374
300.7132388861749,0.1208513142511572
300.8011724474841,0.09962660270276243
300.8891060087934,0.1225244762584843
300.9770395701026,0.0740639475958009
301.0649731314118,0.1208751095761365
301.152906692721,0.1327076207874855
301.2408402540303,0.1539160750783585
301.3287738153395,0.09668377480152854
301.4167073766487,0.1125347828050507
301.504640937958,0.08793089329033932
301.5925744992672,0.1141346070389419
301.6805080605765,0.1008736944475497
301.7684416218857,0.1195854608785712
301.8563751831949,0.1110366911118457
301.9443087445042,0.177612086404707
302.0322423058134,0.1206087545783054
302.1201758671226,0.1429080482733478
302.2081094284318,0.1505036528222909
302.2960429897411,0.2182106584710494
302.3839765510503,0.1399526131868744
302.4719101123595,0.1378202516254954
302.5598436736688,0.1819395431732179
302.647777234978,0.1896833951772973
302.7357107962873,0.147333043820671
302.8236443575965,0.1094124872596433
302.9115779189057,0.1031380246547224
302.9995114802149,0.1751581703893463
303.0874450415242,0.1955997693030241
303.1753786028334,0.1385331250155762
303.2633121641426,0.2460312642905986
303.3512457254519,0.2287637332219312
303.4391792867611,0.1925950526421987
303.5271128480704,0.1933089555752805
303.6150464093796,0.1954744760903831
303.7029799706888,0.2298528008157141
303.7909135319981,0.1976489895074032
303.8788470933073,0.1898305779745589
303.9667806546165,0.2597840661033337
304.0547142159257,0.2426786093084737
304.142647777235,0.2869448089228881
304.2305813385442,0.1791966609684489
304.3185148998534,0.2466775019873766
304.4064484611627,0.275186190115993
304.4943820224719,0.319713591381267
304.5823155837811,0.2507081930595306
304.6702491450904,0.2917814264235083
304.7581827063996,0.2939394597085808
304.8461162677089,0.3138173200002051
304.9340498290181,0.3352116621393574
305.0219833903273,0.3142418763407615
305.1099169516365,0.3613616886244249
305.1978505129458,0.3693586785038679
305.285784074255,0.4264256599922855
305.3737176355642,0.4064081958171148
305.4616511968735,0.4723930338660874
305.5495847581827,0.4536177272017114
305.637518319492,0.5117245564455031
305.7254518808012,0.5042418618577276
305.8133854421104,0.551050682866802
305.9013190034196,0.5277259961335047
305.9892525647289,0.5767700191552388
306.0771861260381,0.6046514308596452
306.1651196873473,0.6471099901591927
306.2530532486566,0.6833689469275999
306.3409868099658,0.7678559811701237
306.428920371275,0.8072143686001316
306.5168539325842,0.8294103495073618
306.6047874938935,0.8881229185219456
306.6927210552028,0.9433796950111247
306.780654616512,0.9650334199639999
306.8685881778212,1.104082537145827
306.9565217391304,1.170719132589342
307.0444553004397,1.264330059331022
307.1323888617489,1.376456996821266
307.2203224230581,1.444165601345213
307.3082559843673,1.620927826109977
307.3961895456766,1.738849995549963
307.4841231069859,1.894406962390352
307.5720566682951,2.058477482897942
307.6599902296043,2.238982458552834
307.7479237909135,2.365786298331708
307.8358573522228,2.552138729605991
307.923790913532,2.785663140532491
308.0117244748412,3.014239460756861
308.0996580361505,3.221441237456406
308.1875915974597,3.37377097888827
308.2755251587689,3.607661020735712
308.3634587200781,3.808824793766004
308.4513922813874,3.875075245870586
308.5393258426966,4.013357343150866
308.6272594040059,3.957116705748869
308.7151929653151,3.922265215569501
308.8031265266243,3.90214647055848
308.8910600879336,3.787774253938933
308.9789936492428,3.642706695740636
309.066927210552,3.426198213396435
309.1548607718613,3.203548813568861
309.2427943331705,2.988912840452782
309.3307278944797,2.813792578667679
309.4186614557889,2.620344264695954
309.5065950170982,2.418539475355149
309.5945285784074,2.233957348122713
309.6824621397167,2.046045509611824
309.7703957010259,1.903987081611115
309.8583292623351,1.791043854281053
309.9462628236444,1.697729903488713
310.0341963849536,1.561011149125204
310.1221299462628,1.47729495132809
310.210063507572,1.401692357713009
310.2979970688813,1.267683472571676
310.3859306301905,1.210390406037821
310.4738641914997,1.150082799303971
310.561797752809,1.074424039094533
310.6497313141182,1.028247364006582
310.7376648754275,0.9509932268442667
310.8255984367367,0.9478963753796561
310.9135319980459,0.9058650635905203
311.0014655593552,0.9233144828787696
311.0893991206644,0.8580871015288235
311.1773326819736,0.8330883621867752
311.2652662432828,0.8050107309846273
311.3531998045921,0.7620143311222685
311.4411333659013,0.7496102407655892
311.5290669272106,0.7046635458701461
311.6170004885198,0.7039003779708517
311.704934049829,0.6910372423556278
311.7928676111383,0.6886651608639803
311.8808011724475,0.6658921512272536
311.9687347337567,0.6470117716447507
312.0566682950659,0.6200225197041436
312.1446018563752,0.5825569885458026
312.2325354176844,0.6190003130914289
312.3204689789936,0.6275472792722444
312.4084025403029,0.6192545413029098
312.4963361016121,0.6053771692874858
312.5842696629213,0.5726056550344254
312.6722032242306,0.6606525387221363
312.7601367855398,0.557081245642315
312.8480703468491,0.5964826270772597
312.9360039081583,0.5665234102128976
313.0239374694675,0.6424780335697549
313.1118710307767,0.5833609916562307
313.199804592086,0.5643450232153677
313.2877381533952,0.6498340783169859
313.3756717147044,0.5939433430731332
313.4636052760137,0.6424605927490177
313.5515388373229,0.6017802996334342
313.6394723986322,0.6561634105309578
313.7274059599414,0.5754505060776051
313.8153395212506,0.6668573110147957
313.9032730825598,0.6296226401778194
313.9912066438691,0.6548281005582554
314.0791402051783,0.6403241856746227
314.1670737664875,0.6125739512873272
314.2550073277968,0.6722017324169208
314.342940889106,0.6608730446571084
314.4308744504152,0.6713985717144357
314.5188080117244,0.6973510599304885
314.6067415730337,0.6827814023591595
314.694675134343,0.7196993110168437
314.7826086956522,0.689122862969576
314.8705422569614,0.7345155210977803
314.9584758182706,0.7053641015937652
315.0464093795799,0.7477757743975506
315.1343429408891,0.8106284153172785
315.2222765021983,0.8084687534160281
315.3102100635076,0.8363550708654353
315.3981436248168,0.8478082061448396
315.4860771861261,0.904581187414095
315.5740107474353,0.8947582969753817
315.6619443087445,0.8828952858353956
315.7498778700538,0.9349925674350907
315.837811431363,0.98962700688843
315.9257449926722,0.9854182939979663
316.0136785539814,1.071122425090256
316.1016121152907,1.06224175037952
316.1895456765999,1.095850149266868
316.2774792379091,1.21824658374388
316.3654127992183,1.272236433567023
316.4533463605276,1.224845415000217
316.5412799218368,1.276173619388643
316.6292134831461,1.392267124058745
316.7171470444553,1.407933993916039
316.8050806057645,1.483767298132948
316.8930141670738,1.514844777011512
316.980947728383,1.645984598376426
317.0688812896922,1.734416219581143
317.1568148510015,1.846972473349486
317.2447484123107,1.929366701880166
317.3326819736199,2.02593533755361
317.4206155349291,2.140570309511288
317.5085490962384,2.312628889581167
317.5964826575477,2.425511554554153
317.6844162188569,2.591111932949876
317.7723497801661,2.819393494996346
317.8602833414753,2.915896866225056
317.9482169027846,3.195741290185045
318.0361504640938,3.425808969151753
318.124084025403,3.657322767705075
318.2120175867122,3.997366469053159
318.2999511480215,4.296659828847489
318.3878847093307,4.664283149434702
318.4758182706399,5.028830729794383
318.5637518319492,5.485223667599775
318.6516853932584,5.894618923106645
318.7396189545677,6.398613596547284
318.8275525158769,6.888184417180362
318.9154860771861,7.446123909315125
319.0034196384954,7.870374166391891
319.0913531998046,8.334449545399243
319.1792867611138,8.742513163527578
319.267220322423,9.065152306048194
319.3551538837323,9.324676228281549
319.4430874450415,9.513905328710985
319.5310210063508,9.46639721270054
319.61895456766,9.313128551555968
319.7068881289692,9.149080785285758
319.7948216902785,8.875997310990281
319.8827552515877,8.463775733666461
319.9706888128969,8.007649369456123
320.0586223742062,7.587670308677835
320.1465559355154,7.152817718182161
320.2344894968246,6.764326897802001
320.3224230581338,6.317180352664678
320.4103566194431,5.893541209057743
320.4982901807523,5.57683261466875
320.5862237420615,5.267013215711302
320.6741573033708,4.929383755540905
320.76209086468,4.682217731832932
320.8500244259893,4.460110959203982
320.9379579872985,4.209971373856517
321.0258915486077,4.014769149107592
321.1138251099169,3.88111417562488
321.2017586712262,3.697114740720341
321.2896922325354,3.599924725917061
321.3776257938446,3.51601612443016
321.4655593551539,3.325430298326657
321.5534929164631,3.25169992527083
321.6414264777724,3.189777509755782
321.7293600390816,3.085569082494285
321.8172936003908,3.008458678616994
321.9052271617001,2.972979722078696
321.9931607230093,2.891487323964221
322.0810942843185,2.854634662774741
322.1690278456277,2.825435371611347
322.256961406937,2.784414253225025
322.3448949682462,2.782053351030277
322.4328285295554,2.748910571187887
322.5207620908647,2.742656319205818
322.6086956521739,2.726519763555899
322.6966292134832,2.691741288122288
322.7845627747924,2.7354623081326
322.8724963361016,2.677768005337119
322.9604298974108,2.666644181591175
323.0483634587201,2.75766625818486
323.1362970200293,2.702922975849182
323.2242305813385,2.763597399453615
323.3121641426478,2.778237244662991
323.400097703957,2.810443019111666
323.4880312652663,2.782351106373121
323.5759648265755,2.813229483250166
323.6638983878847,2.884418669188893
323.751831949194,2.885401111894221
323.8397655105032,2.952352906250586
323.9276990718124,2.97791403498604
324.0156326331216,2.972778263444876
324.1035661944309,3.019149046106681
324.1914997557401,3.076280483852553
324.2794333170493,3.157043475210479
324.3673668783586,3.210086506296991
324.4553004396678,3.220350842290789
324.543234000977,3.293428873099748
324.6311675622862,3.329740264702195
324.7191011235955,3.402289182991904
324.8070346849047,3.456487365011489
324.894968246214,3.562903842901349
324.9829018075232,3.623951494803258
325.0708353688324,3.694854720825734
325.1587689301417,3.762438929215169
325.2467024914509,3.885643800185982
325.3346360527601,3.967625861894611
325.4225696140694,4.0014306155224
325.5105031753786,4.096593405145367
325.5984367366879,4.234507213995546
325.6863702979971,4.331119959477594
325.7743038593063,4.386310152676338
325.8622374206155,4.459737233538138
325.9501709819248,4.557412592151544
326.038104543234,4.62610618525513
326.1260381045432,4.680240396657412
326.2139716658525,4.736778280153382
326.3019052271617,4.720501400185515
326.3898387884709,4.676057287229526
326.4777723497801,4.692935853389512
326.5657059110894,4.544464615244233
326.6536394723986,4.392074510765768
326.7415730337079,4.198911516381119
326.8295065950171,3.842877972895685
326.9174401563263,3.426188888446252
327.0053737176356,2.928347375003959
327.0933072789448,2.31377510961124
327.181240840254,1.657448699721308
327.2691744015632,0.8743820015502066
327.3571079628725,0.1437933248953596
327.4450415241818,-0.6129443349544214
327.532975085491,-1.384511424190134
327.6209086468002,-2.125172616406098
327.7088422081094,-2.728917625857477
327.7967757694187,-3.219510204058429
327.8847093307279,-3.689087867073675
327.9726428920371,-4.072019296473397
328.0605764533464,-4.27691972449319
328.1485100146556,-4.484325231338825
328.2364435759648,-4.580554036782469
328.324377137274,-4.622628080722362
328.4123106985833,-4.649306747506318
328.5002442598925,-4.597557709879687
328.5881778212017,-4.574419236384353
328.676111382511,-4.495108311039683
328.7640449438202,-4.34233090325406
328.8519785051295,-4.308182453104602
328.9399120664387,-4.246949784434303
329.0278456277479,-4.114712697475427
329.1157791890572,-3.985640441150466
329.2037127503664,-3.857585596033947
329.2916463116756,-3.735333070088319
329.3795798729848,-3.675994391362048
329.4675134342941,-3.516599537530514
329.5554469956033,-3.418553415360216
329.6433805569126,-3.345584336915155
329.7313141182218,-3.220908109372503
329.819247679531,-3.12764292167548
329.9071812408403,-3.025073863236868
329.9951148021495,-2.913859553793743
330.0830483634587,-2.87423895685022
330.1709819247679,-2.818075195282757
330.2589154860772,-2.736157971790908
330.3468490473864,-2.612275087720914
330.4347826086956,-2.56989163513662
330.5227161700049,-2.471979966458641
330.6106497313141,-2.424334862785577
330.6985832926234,-2.351067188733383
330.7865168539326,-2.266077495122428
330.8744504152418,-2.19161444772233
330.9623839765511,-2.216783999633728
331.0503175378603,-2.16558512962474
331.1382510991695,-2.042518897499954
331.2261846604787,-1.968248764815991
331.314118221788,-1.90857219105305
331.4020517830972,-1.901450569564519
331.4899853444065,-1.852204095972698
331.5779189057157,-1.790188844397224
331.6658524670249,-1.735374108558197
331.7537860283342,-1.735656337372814
331.8417195896434,-1.671089620677141
331.9296531509526,-1.558345066376962
332.0175867122618,-1.592498310696707
332.1055202735711,-1.574896119530184
332.1934538348803,-1.485775040160376
332.2813873961895,-1.475303113034834
332.3693209574988,-1.435037480090986
332.457254518808,-1.389809592896409
332.5451880801172,-1.335518357389261
332.6331216414264,-1.33538881531243
332.7210552027357,-1.309211669134986
332.808988764045,-1.234282841067097
332.8969223253542,-1.230474967810358
332.9848558866634,-1.169941994253735
333.0727894479726,-1.209170970276864
333.1607230092819,-1.124262404157855
333.2486565705911,-1.111382730364683
333.3365901319003,-1.072080045650324
333.4245236932096,-1.083130609350976
333.5124572545188,-1.001117959907376
333.6003908158281,-1.013393292351124
333.6883243771373,-0.9990884434466112
333.7762579384465,-0.936831700604002
333.8641914997557,-0.8953145991942592
333.952125061065,-0.8713738121332548
334.0400586223742,-0.9009426793182213
334.1279921836834,-0.8371280028467889
334.2159257449927,-0.825153854311156
334.3038593063019,-0.7820834565734626
334.3917928676111,-0.8200124872848288
334.4797264289203,-0.7708820270551787
334.5676599902296,-0.735028593203534
334.6555935515388,-0.7366324785921261
334.7435271128481,-0.7124478192276764
334.8314606741573,-0.6900969977289976
334.9193942354665,-0.6594598583454628
335.0073277967758,-0.6645508809105973
335.095261358085,-0.6263319337576947
335.1831949193942,-0.6261189168517178
335.2711284807035,-0.6055000026337984
335.3590620420127,-0.5917557105781964
335.446995603322,-0.545716307978766
335.5349291646312,-0.581323027395789
335.6228627259404,-0.5390328698742911
335.7107962872497,-0.4803219232027086
335.7987298485589,-0.5098439677357283
335.8866634098681,-0.500562482617161
335.9745969711773,-0.418962572064443
336.0625305324866,-0.4631744644072014
336.1504640937958,-0.4125155009800291
336.238397655105,-0.3878667674998469
336.3263312164142,-0.4124615333976242
336.4142647777235,-0.4128805831172989
336.5021983390327,-0.4458043760107701
336.5901319003419,-0.3669730185515021
336.6780654616512,-0.3178725229050942
336.7659990229604,-0.3246704164653689
336.8539325842697,-0.3379498893345479
336.9418661455789,-0.2217456659103095
337.0297997068881,-0.2630084829313407
337.1177332681974,-0.2489023479069122
337.2056668295066,-0.2968505661307318
337.2936003908158,-0.2333536368677329
337.381533952125,-0.1904376379439895
337.4694675134343,-0.1835583029366409
337.5574010747436,-0.1787809215671726
337.6453346360528,-0.1068478020801761
337.733268197362,-0.1820772692794609
337.8212017586712,-0.1351154356326674
337.9091353199805,-0.1757632003117919
337.9970688812897,-0.1540025510862958
338.0850024425989,-0.1053813412785145
338.1729360039081,-0.124365576760654
338.2608695652174,-0.05602718795608162
338.3488031265266,-0.07784530258819196
338.4367366878358,-0.02170626319017601
338.5246702491451,-0.02771235785800264
338.6126038104543,-0.009409632582711545
338.7005373717636,-0.04899462994399977
338.7884709330728,0.0403742547812738
338.876404494382,-0.0040251760499973
338.9643380556913,0.07729461474587745
339.0522716170005,0.0418580656600445
339.1402051783097,0.06196360865754204
339.2281387396189,0.06738015810096773
339.3160723009282,0.115598029664088
339.4040058622374,0.1018917515437238
339.4919394235467,0.1545452286953671
339.5798729848559,0.1504651287037787
339.6678065461651,0.174851715592577
339.7557401074744,0.1604176666735815
339.8436736687836,0.2205881398261457
339.9316072300928,0.2305358360063557
340.0195407914021,0.1731797465024367
340.1074743527113,0.2007426173915154
340.1954079140205,0.2515497009685315
340.2833414753297,0.2315921332762691
340.371275036639,0.3034829838194458
340.4592085979482,0.2838453072889522
340.5471421592574,0.2807220211271012
340.6350757205666,0.3445128066726502
340.7230092818759,0.3671522129645223
340.8109428431852,0.3713580105873655
340.8988764044944,0.3449716238525817
340.9868099658036,0.3909290131046591
341.0747435271128,0.4146172934959448
341.1626770884221,0.3819368621142279
341.2506106497313,0.4200701531138717
341.3385442110405,0.4510554477752459
341.4264777723498,0.4589510084575767
341.514411333659,0.4561765201925246
341.6023448949683,0.5036739890757498
341.6902784562775,0.4764291849125755
341.7782120175867,0.5292584454470316
341.866145578896,0.5207362537939797
341.9540791402052,0.5413147905158843
342.0420127015144,0.5823223712051362
342.1299462628236,0.5784271282621231
342.2178798241329,0.5854591550469805
342.3058133854421,0.6142588300344837
342.3937469467513,0.6138500348405196
342.4816805080605,0.6959437331574022
342.5696140693698,0.7053785094146672
342.657547630679,0.6876346418879359
342.7454811919883,0.7304902788482223
342.8334147532975,0.7578886457268018
342.9213483146067,0.8096319444920187
343.009281875916,0.8393344703367716
343.0972154372252,0.7937792890331259
343.1851489985344,0.8861068921337393
343.2730825598437,0.8622403301437948
343.3610161211529,0.9074519521825681
343.4489496824622,0.870487851103055
343.5368832437714,0.9667912416361526
343.6248168050806,1.006968601935229
343.7127503663899,0.9410978045016211
343.8006839276991,0.989071101769185
343.8886174890083,1.072955553825031
343.9765510503175,1.077381521657005
344.0644846116268,1.088419379653504
344.152418172936,1.081120113877498
344.2403517342452,1.146404439079435
344.3282852955545,1.218766710610285
344.4162188568637,1.273303877056875
344.5041524181729,1.308201622421792
344.5920859794821,1.293918812789499
344.6800195407914,1.338566867487551
344.7679531021006,1.357973104954371
344.8558866634099,1.397840301633335
344.9438202247191,1.428815529526122
345.0317537860283,1.441447539792328
345.1196873473376,1.55144875389507
345.2076209086468,1.536751361180198
345.295554469956,1.611326784365555
345.3834880312652,1.629095872965632
345.4714215925745,1.665191530526151
345.5593551538838,1.752844136653206
345.647288715193,1.749650440060081
345.7352222765022,1.866398287817766
345.8231558378114,1.861256859320371
345.9110893991207,1.971394062891289
345.9990229604299,1.993338090383851
346.0869565217391,2.019773924040702
346.1748900830484,2.078735407164494
346.2628236443576,2.154049609844289
346.3507572056668,2.196322552725051
346.438690766976,2.258627191941486
346.5266243282853,2.269155137929204
346.6145578895945,2.338992208679839
346.7024914509038,2.539931489625914
346.790425012213,2.565771056172022
346.8783585735222,2.662753398886953
346.9662921348315,2.702865879734202
347.0542256961407,2.772397470651822
347.1421592574499,2.865352320884271
347.2300928187591,2.931574598612178
347.3180263800684,3.049818560274481
347.4059599413776,3.155993322400876
347.4938935026869,3.296154476931929
347.5818270639961,3.34243666643905
347.6697606253053,3.499918651354796
347.7576941866146,3.548768231153228
347.8456277479238,3.66330234636812
347.933561309233,3.810471631952038
348.0214948705423,3.873661914824644
348.1094284318515,3.974886434680026
348.1973619931607,4.063149891724725
348.2852955544699,4.164114131226919
348.3732291157792,4.292911079815529
348.4611626770884,4.352893046102393
348.5490962383976,4.455619624629181
348.6370297997069,4.404083771130561
348.7249633610161,4.443762879521883
348.8128969223254,4.371334329735491
348.9008304836346,4.299351987564266
348.9887640449438,4.169672115290907
349.076697606253,3.893335592817458
349.1646311675623,3.659543271868516
349.2525647288715,3.294950987194179
349.3404982901807,2.740032649700587
349.42843185149,2.210062986456541
349.5163654127992,1.558898181122097
349.6042989741085,0.8135867746980739
349.6922325354177,0.05480681309329689
349.7801660967269,-0.774027600851201
349.8680996580362,-1.469563275959939
349.9560332193454,-2.119527496820988
350.0439667806546,-2.783855096568363
350.1319003419638,-3.257260366142285
350.2198339032731,-3.722684924436619
350.3077674645823,-4.100852833543284
350.3957010258915,-4.351463621296137
350.4836345872008,-4.454302978631203
350.57156814851,-4.642386977306067
350.6595017098193,-4.676872651758218
350.7474352711285,-4.704808305196392
350.8353688324377,-4.697757045617809
350.923302393747,-4.679853267862131
351.0112359550562,-4.570625760217759
351.0991695163654,-4.529601530141883
351.1871030776746,-4.494391829804586
351.2750366389839,-4.317962114045856
351.3629702002931,-4.323988755776047
351.4509037616024,-4.199800919314344
351.5388373229116,-4.090065762757466
351.6267708842208,-4.031847899768734
351.7147044455301,-3.921422426188861
351.8026380068393,-3.842007772656394
351.8905715681485,-3.735478492652295
351.9785051294577,-3.647699454211991
352.066438690767,-3.646277399797211
352.1543722520762,-3.539385073937333
352.2423058133854,-3.464570511458827
352.3302393746947,-3.386638083721929
352.4181729360039,-3.363535373448085
352.5061064973131,-3.308815014057759
352.5940400586224,-3.250865294348859
352.6819736199316,-3.163942809368836
352.7699071812409,-3.111250418128839
352.8578407425501,-3.060497722145917
352.9457743038593,-2.992548839689272
353.0337078651685,-2.948236981583556
353.1216414264778,-2.931390040751859
353.209574987787,-2.87652866680728
353.2975085490962,-2.846176963094371
353.3854421104055,-2.80720963966019
353.4733756717147,-2.778428542737771
353.561309233024,-2.770963667042118
353.6492427943332,-2.717585985375942
353.7371763556424,-2.734329643399426
353.8251099169516,-2.67359383309545
353.9130434782609,-2.646791811757137
354.0009770395701,-2.659769721088173
354.0889106008793,-2.64402321101041
354.1768441621886,-2.631063096854828
354.2647777234978,-2.624434370495571
354.352711284807,-2.613796414146957
354.4406448461162,-2.604525989498241
354.5285784074255,-2.61834930729442
354.6165119687348,-2.640151997393624
354.704445530044,-2.59635376075415
354.7923790913532,-2.594627024841163
354.8803126526624,-2.659271781644069
354.9682462139717,-2.722054514829662
355.0561797752809,-2.728036233254575
355.1441133365901,-2.754760478993329
355.2320468978994,-2.699975039156953
355.3199804592086,-2.812420433971951
355.4079140205179,-2.817972668291375
355.4958475818271,-2.933651299112919
355.5837811431363,-3.007754209836652
355.6717147044455,-3.070197276542466
355.7596482657548,-3.107898813898132
355.847581827064,-3.20839924776542
355.9355153883732,-3.299231252290313
356.0234489496825,-3.432773380348169
356.1113825109917,-3.535631105441726
356.1993160723009,-3.705183654078354
356.2872496336101,-3.907887525051644
356.3751831949194,-4.111577971184233
356.4631167562286,-4.298900370481166
356.5510503175378,-4.52497178176182
356.6389838788471,-4.775736478873912
356.7269174401563,-5.069005763543705
356.8148510014656,-5.325643084935561
356.9027845627748,-5.71506914785877
356.990718124084,-6.064709779588825
357.0786516853933,-6.521251870526215
357.1665852467025,-6.857107608740774
357.2545188080117,-7.288638166533961
357.342452369321,-7.765214888557637
357.4303859306302,-8.124942773698317
357.5183194919395,-8.524359349244808
357.6062530532487,-8.809594868409384
357.6941866145579,-9.03566153841278
357.7821201758671,-9.086791934446369
357.8700537371764,-9.125744782470289
357.9579872984856,-8.978727414839184
358.0459208597948,-8.784227751445952
358.133854421104,-8.476072305617077
358.2217879824133,-8.058058455328187
358.3097215437225,-7.616743047580797
358.3976551050317,-7.159630120294343
358.485588666341,-6.665281087966497
358.5735222276502,-6.199859900527808
358.6614557889595,-5.708566572910126
358.7493893502687,-5.328971600430489
358.8373229115779,-4.888167490977476
358.9252564728872,-4.495959558430017
359.0131900341964,-4.159589502662221
359.1011235955056,-3.861895449684573
359.1890571568148,-3.613083353336695
359.2769907181241,-3.347083745028259
359.3649242794334,-3.142685129466821
359.4528578407426,-2.901836153082568
359.5407914020518,-2.741420933729822
359.628724963361,-2.520035124542806
359.7166585246703,-2.356077395040802
359.8045920859795,-2.187526625305757
359.8925256472887,-2.076821813251677
359.9804592085979,-1.971688858784225
360.0683927699072,-1.851603180018559
360.1563263312164,-1.737238333646597
360.2442598925256,-1.650443363106746
360.3321934538349,-1.60426022517029
360.4201270151441,-1.521486589068763
360.5080605764533,-1.426348416132499
360.5959941377626,-1.389097186643009
360.6839276990718,-1.339735267222379
360.7718612603811,-1.311049336805456
360.8597948216903,-1.182420688861859
360.9477283829995,-1.11919690174632
361.0356619443087,-1.120620217366156
361.123595505618,-1.037950848640448
361.2115290669272,-1.030525900146632
361.2994626282364,-1.023576405162288
361.3873961895457,-0.9542742540294936
361.4753297508549,-0.9558657372087911
361.5632633121642,-0.9239840516217249
361.6511968734734,-0.8675914498586467
361.7391304347826,-0.8773803434491777
361.8270639960919,-0.8080039568405888
361.9149975574011,-0.8053867763745021
362.0029311187103,-0.7668759317088345
362.0908646800195,-0.7438082128322413
362.1787982413288,-0.8096273342646084
362.266731802638,-0.7005663748573105
362.3546653639472,-0.7228452126636724
362.4425989252564,-0.7365517005452278
362.5305324865657,-0.7284908656058335
362.618466047875,-0.6573897020588302
362.7063996091842,-0.6537852180279762
362.7943331704934,-0.6641576765046341
362.8822667318026,-0.6421561360239405
362.9702002931119,-0.6737064364909588
363.0581338544211,-0.6235607784553591
363.1460674157303,-0.6297346533273288
363.2340009770396,-0.6144862746590104
363.3219345383488,-0.5982678067661997
363.4098680996581,-0.6141376911658152
363.4978016609673,-0.5651731200737324
363.5857352222765,-0.6162489743504311
363.6736687835858,-0.6326540357594933
363.761602344895,-0.5507773486227983
363.8495359062042,-0.5733119796706464
363.9374694675134,-0.5491968871562214
364.0254030288227,-0.5367147893148909
364.1133365901319,-0.5980467280278383
364.2012701514411,-0.5058867636632599
364.2892037127503,-0.5631377579888285
364.3771372740596,-0.5419494253373301
364.4650708353688,-0.6009026892684092
364.553004396678,-0.5215015207266984
364.6409379579873,-0.5615287445934828
364.7288715192965,-0.5433144602987514
364.8168050806058,-0.5884253522047336
364.904738641915,-0.5045072485965881
364.9926722032242,-0.5583542382337168
365.0806057645335,-0.5493328542082289
365.1685393258427,-0.5524153684887863
365.2564728871519,-0.5621750106525272
365.3444064484612,-0.5673489658876079
365.4323400097704,-0.5801497030941474
365.5202735710797,-0.5611905706711835
365.6082071323889,-0.5705946807099832
365.6961406936981,-0.6056772285455762
365.7840742550073,-0.6163436274596789
365.8720078163166,-0.6218057383085165
365.9599413776258,-0.6600491707337923
366.047874938935,-0.6271607765545402
366.1358085002443,-0.5936286486193731
366.2237420615535,-0.6775342649970214
366.3116756228627,-0.6906070004779479
366.3996091841719,-0.6890643086412698
366.4875427454812,-0.6881132749920662
366.5754763067904,-0.7757723123897828
366.6634098680997,-0.794615027163578
366.7513434294089,-0.8252437799773413
366.8392769907181,-0.7757475388283296
366.9272105520274,-0.8737178589586934
367.0151441133366,-0.8718632637949224
367.1030776746458,-0.9222221487367595
367.191011235955,-0.930484328235274
367.2789447972643,-1.056047689670587
367.3668783585736,-1.070361940075946
367.4548119198828,-1.122759783187997
367.542745481192,-1.221936018210307
367.6306790425012,-1.274263297587582
367.7186126038105,-1.378257218469106
367.8065461651197,-1.454204195221671
367.8944797264289,-1.602427532901819
367.9824132877382,-1.678288633727859
368.0703468490474,-1.732935061307738
368.1582804103566,-1.978731770470998
368.2462139716658,-2.055463213854062
368.3341475329751,-2.259278307780713
368.4220810942843,-2.394154672671382
368.5100146555935,-2.610020991228008
368.5979482169028,-2.756633809322423
368.685881778212,-3.033559860020923
368.7738153395213,-3.17088733622107
368.8617489008305,-3.380026020892257
368.9496824621397,-3.502191634443601
369.0376160234489,-3.683795329507628
369.1255495847582,-3.754237748498406
369.2134831460674,-3.778572213993495
369.3014167073766,-3.73852345786954
369.3893502686859,-3.731002155679846
369.4772838299951,-3.568199691846891
369.5652173913044,-3.474041993882395
369.6531509526136,-3.273852013135369
369.7410845139228,-3.091399912804176
369.8290180752321,-2.900822177482534
369.9169516365413,-2.681030125290547
370.0048851978505,-2.437535039680778
370.0928187591597,-2.260968804742992
370.180752320469,-2.128689889414619
370.2686858817782,-1.918259007745188
370.3566194430874,-1.795713975051945
370.4445530043967,-1.658357023183644
370.5324865657059,-1.50078336451085
370.6204201270152,-1.406753703775142
370.7083536883244,-1.369576607703117
370.7962872496336,-1.195309771404764
370.8842208109428,-1.148678787378367
370.9721543722521,-1.028031885267945
371.0600879335613,-0.9516108622100288
371.1480214948705,-0.8728358350811674
371.2359550561798,-0.8582692552526544
371.323888617489,-0.8005022491542674
371.4118221787983,-0.7153666878375562
371.4997557401075,-0.6654742583674116
371.5876893014167,-0.6768720867919749
371.675622862726,-0.6166198473398743
371.7635564240352,-0.5739761209194977
371.8514899853444,-0.5990334118300338
371.9394235466536,-0.5799906960796749
372.0273571079629,-0.4574391287187359
372.1152906692721,-0.487989391162198
372.2032242305813,-0.4581790701598325
372.2911577918906,-0.4680798691476329
372.3790913531998,-0.4652397522742905
372.467024914509,-0.4132358908413483
372.5549584758182,-0.3724462911488204
372.6428920371275,-0.3845186768098927
372.7308255984368,-0.3809306854897695
372.818759159746,-0.3244510740178388
372.9066927210552,-0.2666115941766637
372.9946262823644,-0.2695592605882414
373.0825598436737,-0.2558921520589836
373.1704934049829,-0.2932357026306751
373.2584269662921,-0.2557855410694735
373.3463605276014,-0.2237079235065186
373.4342940889106,-0.2854348775853056
373.5222276502199,-0.2584670062644456
373.6101612115291,-0.3000587470410443
373.6980947728383,-0.2225012331473466
373.7860283341475,-0.2483526692820332
373.8739618954568,-0.2121010395204059
373.961895456766,-0.248075435258457
374.0498290180752,-0.2029770784956831
374.1377625793845,-0.2312224839044397
374.2256961406937,-0.2196316192884973
374.3136297020029,-0.1753896466773679
374.4015632633121,-0.1731465729511573
374.4894968246214,-0.2202809670323325
374.5774303859306,-0.1730610123341205
374.6653639472399,-0.2036335314063667
374.7532975085491,-0.1195065386690007
374.8412310698583,-0.1465187661116229
374.9291646311676,-0.1830248638882533
375.0170981924768,-0.1313566312597547
375.105031753786,-0.1164320898459756
375.1929653150953,-0.1198861199846422
375.2808988764045,-0.09455590916893676
375.3688324377138,-0.1302976813779246
375.456765999023,-0.1650177677639252
375.5446995603322,-0.1396848601524484
375.6326331216414,-0.1231718108207105
375.7205666829507,-0.1595722386071133
375.8085002442599,-0.08776452185033949
375.8964338055691,-0.09620825431513487
375.9843673668784,-0.09188625148708048
376.0723009281876,-0.1759199525791116
376.1602344894968,-0.0964844382357212
376.248168050806,-0.1044787375933227
376.3361016121153,-0.1001032933076235
376.4240351734245,-0.1139315212739971
376.5119687347337,-0.1012385702995158
376.599902296043,-0.05029429130723065
376.6878358573522,-0.09736786396917657
376.7757694186615,-0.1159783972112817
376.8637029799707,-0.1223166811788939
376.9516365412799,-0.03244592375149573
377.0395701025892,-0.08153364704747233
377.1275036638984,-0.09612386767780932
377.2154372252076,-0.040781420889586
377.3033707865168,-0.109951479436646
377.3913043478261,-0.1107385374269176
377.4792379091353,-0.0677975461144272
377.5671714704446,-0.02810322109251378
377.6551050317538,-0.1027606666086018
377.743038593063,-0.1333877733181911
377.8309721543723,-0.05448362930325228
377.9189057156815,-0.01397745101206467
378.0068392769907,-0.105516047557582
378.0947728382999,-0.09635267451312489
378.1827063996092,-0.1144686458181218
378.2706399609184,-0.06382725895405483
378.3585735222276,-0.09773962885731888
378.4465070835369,-0.01139859718558997
378.5344406448461,-0.08403770566584493
378.6223742061554,-0.1184786874482678
378.7103077674646,-0.07244343256067155
378.7982413287738,-0.04249675100169015
378.8861748900831,-0.1089858822982663
378.9741084513923,-0.06649911216260473
379.0620420127015,-0.06260085300939279
379.1499755740107,-0.04968217003261952
379.23790913532,-0.07181849616775293
379.3258426966292,-0.07875014324784727
379.4137762579385,-0.1023746875054513
379.5017098192477,-0.09676607282971514
379.5896433805569,-0.06226292064881895
379.6775769418662,-0.01897244780788351
379.7655105031754,-0.08059356025513145
379.8534440644846,-0.0441190121832631
379.9413776257938,0.01521836545279032
380.0293111871031,-0.0654182443957822
380.1172447484123,-0.02635160715680115
380.2051783097215,-0.0603417422686464
380.2931118710308,-0.03316755869310323
380.38104543234,-0.02361538592163981
380.4689789936492,-0.07964169642505846
380.5569125549585,-0.02246779209439714
380.6448461162677,-0.01935637654525777
380.732779677577,0.01449748953981922
380.8207132388862,-0.04293027041451133
380.9086468001954,-0.1218829035754807
380.9965803615046,-0.06766878162436842
381.0845139228139,-0.0651439688186241
381.1724474841231,-0.08455247635597242
381.2603810454323,-0.03278977410530899
381.3483146067416,-0.05432523132609399
381.4362481680508,-0.07314461759752078
381.5241817293601,-0.03489197462380881
381.6121152906693,-0.04783293385111787
381.7000488519785,-0.03340503666809966
381.7879824132878,-0.05295897972982212
381.875915974597,-0.04862530552739892
381.9638495359062,-0.0345591623551204
382.0517830972154,-0.00968930248359829
382.1397166585247,-0.07920871467936716
382.2276502198339,-0.05086871712417417
382.3155837811431,0.001122790321843807
382.4035173424523,-0.04336731378696891
382.4914509037616,-0.04617227098608631
382.5793844650709,-0.05147916188748276
382.6673180263801,-0.00123120282313488
382.7552515876893,-0.0316827834280529
382.8431851489985,0.05152155314006778
382.9311187103078,0.02401832471649226
383.019052271617,-0.03130477153058205
383.1069858329262,-0.07839211292390331
383.1949193942355,-0.07021097332623205
383.2828529555447,-0.01653475058916228
383.3707865168539,0.005004224658702705
383.4587200781632,-0.0561469247384282
383.5466536394724,-0.01384786220056182
383.6345872007817,-0.03195130156862483
383.7225207620909,-0.0410778287891936
383.8104543234001,-0.04649504727133054
383.8983878847093,-0.03452077544346033
383.9863214460186,-0.007644679839327061
384.0742550073278,-0.0399314811096515
384.162188568637,-0.04443070334179988
384.2501221299462,-0.05312275085640042
384.3380556912555,-0.07291075339762398
384.4259892525647,-0.05587765341597214
384.5139228138739,-0.02618923304984516
384.6018563751832,-0.0323853433438256
384.6897899364924,-0.02296597282695182
384.7777234978017,-0.01313450295668503
384.8656570591109,-0.08425022442637624
384.9535906204201,-0.07774833599812381
385.0415241817294,-0.06821281539956855
385.1294577430386,0.006452081715523184
385.2173913043478,-0.0415409236354911
385.305324865657,0.03061514901206877
385.3932584269663,-0.06188251972723098
385.4811919882756,-0.0916758299914735
385.5691255495848,-0.04427501106713837
385.657059110894,-0.04272832009798782
385.7449926722032,-0.02125265034586064
385.8329262335125,-0.04786047115846694
385.9208597948217,0.006471516161287067
386.0087933561309,-0.002764959123247979
386.0967269174402,-0.01362690945885419
386.1846604787494,-0.03302933399881287
386.2725940400586,-0.03892936711343034
386.3605276013678,-0.05061413513785373
386.4484611626771,-0.03425776333145729
386.5363947239863,-0.01413600765202833
386.6243282852956,-0.01928076140035178
386.7122618466048,-0.006190943840754783
386.800195407914,-0.04387891005791461
386.8881289692233,0.02628512212627918
386.9760625305325,-0.06713032276582812
387.0639960918417,0.01661072604208083
387.1519296531509,0.03407816097452022
387.2398632144602,-0.02719088781510901
387.3277967757694,0.02046363084695455
387.4157303370787,0.001232754617364728
387.5036638983879,0.00752833621520671
387.5915974596971,-0.06678873902245711
387.6795310210064,-0.05820024318602623
387.7674645823156,0.004421775127685323
387.8553981436248,0.03561385620445154
387.9433317049341,-0.005936380549085872
388.0312652662433,0.006466691013043549
388.1191988275525,-0.06137368986512791
388.2071323888617,-0.02946383121394933
388.295065950171,0.005923600097096249
388.3829995114802,-0.04536820686354728
388.4709330727894,0.00262860887742104
388.5588666340987,-0.04270550967210784
388.6468001954079,0.03581681306897924
388.7347337567172,-0.04185948263391093
388.8226673180264,0.0003574719118617925
388.9106008793356,0.005532360705281372
388.9985344406448,0.03152893998804109
389.0864680019541,-0.01681082065801801
389.1744015632633,-0.0452590006267124
389.2623351245725,-0.06506124855859151
389.3502686858818,-0.03851646647909603
389.438202247191,-0.04221736443629746
389.5261358085003,0.002080122213977017
389.6140693698095,0.04777698291684951
389.7020029311187,-0.008382298354733239
389.789936492428,-0.003809877793992913
389.8778700537372,-0.02282870272604228
389.9658036150464,-0.04600402385954989
390.0537371763556,-0.06456823460133519
390.1416707376649,0.005711451531179614
390.2296042989741,0.01455939110711475
390.3175378602833,0.02751441485223886
390.4054714215926,-0.002547059396021633
390.4934049829018,0.001851937633154489
390.5813385442111,-0.06534477056860935
390.6692721055203,-0.02331258705812601
390.7572056668295,-0.0126811633843219
390.8451392281387,0.0008746286108671196
390.933072789448,-0.03385374656372422
391.0210063507572,-0.05521625320408978
391.1089399120664,0.04228832143605404
391.1968734733757,0.003731857977749761
391.2848070346849,0.004261911544240455
391.3727405959941,-0.04267035114282933
391.4606741573034,-0.03556984922075714
391.5486077186126,-0.08302026189045318
391.6365412799219,-0.04735775506848337
391.7244748412311,0.01880544339572359
391.8124084025403,0.04351622089035471
391.9003419638495,-0.006897797315156868
391.9882755251588,-0.02201000680696467
392.076209086468,-0.03538622619805396
392.1641426477772,-0.03839479045855015
392.2520762090865,-0.01258894144541742
392.3400097703957,-0.05369472409057697
392.4279433317049,-0.04180131760682916
392.5158768930141,-0.006712833325082901
392.6038104543234,-0.01839224221193451
392.6917440156327,-0.0181763280622732
392.7796775769419,-0.0274415964564827
392.8676111382511,0.01153589140002426
392.9555446995603,-0.01357753497080525
393.0434782608696,-0.002424844460889468
393.1314118221788,-0.02477480480127332
393.219345383488,-0.0417286344790324
393.3072789447972,-0.0243025821789592
393.3952125061065,-0.01061035804986144
393.4831460674158,0.00718181696011279
393.571079628725,-0.06554753066943601
393.6590131900342,-0.03560947209052313
393.7469467513434,-0.01426823779475241
393.8348803126527,-0.03058106676967087
393.9228138739619,-0.02907102757524314
394.0107474352711,0.05231831336579276
394.0986809965804,0.01900220668311903
394.1866145578896,-0.03596956291789598
394.2745481191988,-0.0487702206850185
394.362481680508,-0.0005077396625234563
394.4504152418173,-0.003927150342906268
394.5383488031265,-0.05312011922570738
394.6262823644358,-0.03238887794302543
394.714215925745,0.01588018042473652
394.8021494870542,0.008515393431585942
394.8900830483635,0.01193905817627969
394.9780166096727,0.03562969321937248
395.0659501709819,-0.01305210900392316
395.1538837322911,-0.05464760714792394
395.2418172936004,0.004746536021274226
395.3297508549096,0.0321112030811589
395.4176844162189,0.02386274134659443
395.5056179775281,0.02454802965059235
395.5935515388373,-0.003673104785026665
395.6814851001466,-0.00889056039002489
395.7694186614558,-0.03835329637124597
395.857352222765,-0.01309655461471244
395.9452857840743,0.006487825019972061
396.0332193453835,0.03757856280524679
396.1211529066927,0.01333045138389907
396.2090864680019,0.03597399820999355
396.2970200293112,-0.01890450922619339
396.3849535906204,0.01578128851592054
396.4728871519296,-0.03006446476809679
396.5608207132389,-6.810389619208573e-05
396.6487542745481,0.03848047433494735
396.7366878358574,0.01396279989042746
396.8246213971666,-0.01170639138180517
396.9125549584758,0.01778365649464254
397.0004885197851,-0.008678107920043272
397.0884220810943,-0.01176570376761898
397.1763556424035,-0.02281061663525956
397.2642892037127,-0.02445618043027044
397.352222765022,-0.01904885510364734
397.4401563263312,-0.01100209744467111
397.5280898876405,0.03020251408785948
397.6160234489497,-0.02015472005588579
397.7039570102589,-0.04028280886383126
397.7918905715682,0.02741272665722626
397.8798241328774,-0.0250977326604888
397.9677576941866,-0.002303367863627054
398.0556912554958,-0.02067039801937813
398.1436248168051,0.01268436794970666
398.2315583781143,-0.01385981368704792
398.3194919394235,-0.01936788936198538
398.4074255007328,-0.04718469466133805
398.495359062042,-0.009351098357641162
398.5832926233513,0.01332630079454098
398.6712261846605,-0.04244318205301442
398.7591597459697,-0.03694591513065773
398.847093307279,-0.008924454264727311
398.9350268685882,-0.005676584338722417
399.0229604298974,-0.02063128347719427
399.1108939912066,0.01749269514149047
399.1988275525159,0.002262761827409025
399.2867611138251,0.03492858887875079
399.3746946751343,0.02126009397126142
399.4626282364436,-0.05172441956365285
399.5505617977528,-0.02026568864466143
399.6384953590621,-0.006544961617554918
399.7264289203713,0.07101103615408756
399.8143624816805,-0.02629601644947848
399.9022960429897,-0.05160370730051422
399.990229604299,-0.001815595709476129
400.0781631656082,-0.01177103417287266
400.1660967269174,-0.01094371117018798
400.2540302882267,0.04151701779013579
400.3419638495359,0.04376598682194363
400.4298974108451,-0.05607451499046109
400.5178309721543,-0.0002997526436536967
400.6057645334636,0.06932225239888799
400.6936980947729,0.005680759694300519
400.7816316560821,0.04133387440560742
400.8695652173913,0.00386567442397711
400.9574987787005,-0.0289336808094659
401.0454323400098,-0.002775666354711743
401.133365901319,0.0009338551384274266
401.2212994626282,0.004510155997577482
401.3092330239375,-0.01222249408301913
401.3971665852467,0.02307934413178526
401.485100146556,-0.01227107331024119
401.5730337078652,0.001062726025251096
401.6609672691744,0.0292900937601831
401.7489008304836,-0.007931757358830043
401.8368343917929,-0.01686552366199435
401.9247679531021,-0.01734397980485327
402.0127015144113,0.01865052552427144
402.1006350757206,-0.004479343493469602
402.1885686370298,-0.03516760855194528
402.276502198339,-0.009088189234783779
402.3644357596482,0.001093875214417328
402.4523693209575,-0.0001584115310229919
402.5403028822667,0.007687854126868131
402.628236443576,-0.03558079817778204
402.7161700048852,0.0009358527714466089
402.8041035661944,0.007675128953288645
402.8920371275037,0.002233442541301428
402.9799706888129,-0.0480887030407352
403.0679042501221,-0.001836183259457805
403.1558378114314,-0.04354017619146783
403.2437713727406,0.0002955710203860719
403.3317049340498,-0.06324333566053121
403.4196384953591,0.02305924771548763
403.5075720566683,-0.02046182455219314
403.5955056179776,-0.001340614035512278
403.6834391792868,-0.01091282677996246
403.771372740596,0.01823008457747909
403.8593063019052,-0.06483535982440249
403.9472398632145,0.06956498788301654
404.0351734245237,-0.04348448081598168
404.1231069858329,-0.01857919234503277
404.2110405471421,-0.01456934338531589
404.2989741084514,-0.009313967610302069
404.3869076697606,-0.02442396985551432
404.4748412310698,-0.0009322626827654602
404.5627747923791,0.009135019550380397
404.6507083536883,-0.004459339344787679
404.7386419149976,-0.009359741194643133
404.8265754763068,-0.01217155886661442
404.914509037616,-0.03702968099641075
405.0024425989253,0.008018194284407245
405.0903761602345,-0.006545277156250971
405.1783097215437,-0.01708233027588417
405.2662432828529,0.006846525349895449
405.3541768441622,0.004512191099873964
405.4421104054715,0.0100384813988391
405.5300439667807,-0.05710151839615199
405.6179775280899,0.03520296652203683
405.7059110893991,-0.006968802026665145
405.7938446507084,0.003604950939874539
405.8817782120176,0.01196804187593018
405.9697117733268,0.02116643887419592
406.057645334636,0.01358748864832355
406.1455788959453,0.06887587017183511
406.2335124572545,-0.04325362450714033
406.3214460185637,0.02941196539437736
406.409379579873,4.0602785279867e-05
406.4973131411822,0.04830112742020732
406.5852467024915,-0.01075949283299584
406.6731802638007,-0.03821203336926221
406.7611138251099,-0.01236290983224064
406.8490473864192,-0.03405787782006674
406.9369809477284,0.03991985113203673
407.0249145090376,0.0008207972484210778
407.1128480703468,-0.08189152687615264
407.2007816316561,0.009972564384291061
407.2887151929653,0.01098774088586277
407.3766487542745,-0.01930168841672711
407.4645823155838,-0.006859051733869291
407.552515876893,-0.01182188186113329
407.6404494382023,0.007622233524831307
407.7283829995115,-0.02856487921880591
407.8163165608207,-0.00318660278882693
407.90425012213,0.01398891798738276
407.9921836834392,-0.004469406744235332
408.0801172447484,0.009404471195668392
408.1680508060576,-0.01630431179110717
408.2559843673669,-0.03428733919936588
408.3439179286761,-0.03107316668580705
408.4318514899853,0.01393829873631979
408.5197850512946,-0.03533893047598901
408.6077186126038,-0.005688388256561815
408.6956521739131,-0.03976290440388746
408.7835857352223,-0.01962434651960916
408.8715192965315,0.006491380617875996
408.9594528578407,0.00581029073171555
409.04738641915,0.005329345085831111
409.1353199804592,0.01112081228619284
409.2232535417684,-0.005497425460397769
409.3111871030777,-0.02111453971670712
409.3991206643869,0.00880861077814768
409.4870542256962,0.009812292723931859
409.5749877870054,0.01180003466318414
409.6629213483146,-0.03161042186429737
409.7508549096239,0.0319624652524045
409.8387884709331,0.008235114149074156
409.9267220322423,0.01884973812125829
410.0146555935515,-0.01481972612652926
410.1025891548608,0.03114276763798286
410.19052271617,0.03016088676706246
410.2784562774792,-0.03959789077554032
410.3663898387885,-0.02945019846410301
410.4543234000977,0.00325419305100791
410.542256961407,0.00642208595833829
410.6301905227162,-0.006723936916439453
410.7181240840254,0.008778478207538827
410.8060576453346,0.05051528088788196
410.8939912066439,0.0232622460455781
410.9819247679531,-0.03454613478602211
411.0698583292623,0.004960033553746947
411.1577918905716,-0.0002740921106043105
411.2457254518808,0.02057175139032368
411.33365901319,-0.008570363671144695
411.4215925744992,-0.06797153947277103
411.5095261358085,-0.03780215587055484
411.5974596971178,-0.03147774406154675
411.685393258427,-0.0222749945407507
411.7733268197362,0.02272242070017973
411.8612603810454,-0.02130681876923708
411.9491939423547,-0.007770313720202456
412.0371275036639,-0.05910746641779344
412.1250610649731,0.04241461062500833
412.2129946262824,0.02797085081799853
412.3009281875916,0.01623880742375018
412.3888617489008,-0.02440679996042795
412.47679531021,-0.01881523496738016
412.5647288715193,0.01663825796259227
412.6526624328285,-0.03962890553210652
412.7405959941378,-0.0586321452952261
412.828529555447,0.009130624842418623
412.9164631167562,-0.009320111219326205
413.0043966780655,0.009634289376703287
413.0923302393747,-0.01769454493456901
413.1802638006839,-0.004455097026320689
413.2681973619931,-0.02788481770669538
413.3561309233024,-0.03178453087152542
413.4440644846116,-0.07019029453037037
413.5319980459209,-0.007630181753330152
413.6199316072301,-0.009959096944169816
413.7078651685393,-0.03849832078394838
413.7957987298486,0.006226462859541619
413.8837322911578,0.03807596383970264
413.971665852467,-0.02681418590312594
414.0595994137763,-0.001056483352814763
414.1475329750855,0.02209229073639876
414.2354665363947,0.007565298685116027
414.3234000977039,-0.001075460544931522
414.4113336590132,-0.01589571362309261
414.4992672203224,0.01777357049177253
414.5872007816317,-0.004509086668656593
414.6751343429409,0.03860755820292253
414.7630679042501,0.03801879110793605
414.8510014655594,0.002383065977913673
414.9389350268686,0.02924380229080689
415.0268685881778,0.01693169033375821
415.114802149487,0.001565881448245059
415.2027357107963,-0.03808209052457369
415.2906692721055,-0.03644677218611562
415.3786028334147,0.02298679470088902
415.466536394724,-0.01593902812095151
415.5544699560332,-0.03000624616582817
415.6424035173425,0.008219769099412709
415.7303370786517,0.008755200642519629
415.8182706399609,0.04013893248937962
415.9062042012702,-0.006542018992658159
415.9941377625794,-0.01001711554018432
416.0820713238886,-0.007920541601468722
416.1700048851978,-0.001599411471084868
416.2579384465071,0.01899380696654338
416.3458720078163,-0.02776285391634889
416.4338055691255,-0.008641586612681636
416.5217391304348,0.06113108091931461
416.609672691744,-0.04609345585087134
416.6976062530533,0.01701293158395562
416.7855398143625,0.03720843775424675
416.8734733756717,0.002894174432889579
416.9614069369809,0.01144469955189305
417.0493404982902,-0.06024028180982523
417.1372740595994,0.01664166127322165
417.2252076209086,-0.0184789838322088
417.3131411822179,-0.02107670779718481
417.4010747435271,-0.01378910080095584
417.4890083048364,-0.05896538379378846
417.5769418661456,-0.03131774942975749
417.6648754274548,0.04457476885739048
417.7528089887641,0.01852753783100555
417.8407425500733,-0.000200505429162817
417.9286761113825,0.01859747043678225
418.0166096726917,-0.0313560510038237
418.104543234001,-0.01394050478436045
418.1924767953102,0.02626612677744144
418.2804103566194,-0.0003184784913372665
418.3683439179287,0.002662114392267368
418.4562774792379,0.03507333596789965
418.5442110405472,0.05096654954973883
418.6321446018564,-0.03488835737243345
418.7200781631656,-0.01340827338898869
418.8080117244749,0.01068699210174306
418.8959452857841,0.02041519317961172
418.9838788470933,0.003476681580862548
419.0718124084025,-0.03092372065561715
419.1597459697118,0.0308149899240289
419.247679531021,-0.04349626575114498
419.3356130923302,0.01993208558013883
419.4235466536394,-0.00823163261869032
419.5114802149487,-0.01499430502085327
419.599413776258,0.006292171714627809
419.6873473375672,0.008991958096163462
419.7752808988764,0.01648733069503259
419.8632144601856,-0.01094561382520493
419.9511480214949,-0.001147923546064958
420.0390815828041,-0.008254979121505628
420.1270151441133,-0.0445272118341951
420.2149487054226,0.03060944158675601
420.3028822667318,-0.01538006893273031
420.390815828041,-0.01335167867346977
420.4787493893502,-0.007148611847924502
420.5666829506595,-0.06928542252135303
420.6546165119688,0.009712554733587951
420.742550073278,-0.06088165583623385
420.8304836345872,-0.03552559750647348
420.9184171958964,0.01592908170586283
421.0063507572057,-0.01097827193328792
421.0942843185149,0.01075140083616733
421.1822178798241,0.01059337082787724
421.2701514411334,-0.01862527095067924
421.3580850024426,0.05616232272073466
421.4460185637518,0.005123468837307342
421.5339521250611,-0.02668196426733546
421.6218856863703,-0.04441550564346639
421.7098192476795,0.03783779733332359
421.7977528089888,-0.01666511774410737
421.885686370298,0.001372749717899508
421.9736199316072,-0.01030508538791449
422.0615534929165,-0.005152380306663266
422.1494870542257,-0.01101564438554631
422.2374206155349,-0.01939413559338337
422.3253541768441,-0.0009116217824405794
422.4132877381534,0.008301507468276051
422.5012212994626,-0.02551157279293699
422.5891548607719,0.009069255318717818
422.6770884220811,-0.02733183334499382
422.7650219833903,0.01393866419351886
422.8529555446996,0.04379504672724605
422.9408891060088,-0.0258973751445442
423.028822667318,0.02574535277087626
423.1167562286273,-0.05484237113528972
423.2046897899365,-0.05930335136019836
423.2926233512457,0.01116893894492389
423.3805569125549,0.003441012207866519
423.4684904738642,0.02721180339442379
423.5564240351734,0.003060890844790531
423.6443575964827,0.02551718012693854
423.7322911577919,-0.005993350502117964
423.8202247191011,-0.0178374878145317
423.9081582804104,0.005760469180815683
423.9960918417196,-0.04635627437491306
424.0840254030288,0.009565310526306613
424.171958964338,-0.007800449690123123
424.2598925256473,0.02646471807662783
424.3478260869565,-0.01437594017094967
424.4357596482657,0.03366122565852464
424.523693209575,-0.003239962514634541
424.6116267708842,-0.03794448955393373
424.6995603321935,-0.03873742417416554
424.7874938935027,-0.03007328282252833
424.8754274548119,-0.0531777280604411
424.9633610161212,0.00310530084578596
425.0512945774304,0.01489117440495386
425.1392281387396,-0.02964297068928374
425.2271617000488,0.007529052464430469
425.3150952613581,-0.07000341059708877
425.4030288226673,-0.009906504642539202
425.4909623839766,-0.03325228844276634
425.5788959452858,0.01331859800050099
425.666829506595,0.003197135074164714
425.7547630679043,-0.03581993217667034
425.8426966292135,0.02512783555161635
425.9306301905227,-0.009343814306406514
426.0185637518319,0.02248002310342633
426.1064973131412,-0.000902345761825647
426.1944308744504,-0.008152096245695503
426.2823644357596,-0.03679711332225677
426.3702979970689,-0.03600589578839785
426.4582315583781,0.006870549798889677
426.5461651196874,-0.01347283799739548
426.6340986809966,0.03526268171287658
426.7220322423058,0.03408286747573992
426.8099658036151,-0.03881728224980309
426.8978993649243,-0.01263137471231744
426.9858329262335,0.03693978730108465
427.0737664875427,0.01002853164810134
427.161700048852,0.01642923489580906
427.2496336101612,0.02505764656676698
427.3375671714704,0.02789538876510995
427.4255007327797,-0.07331868800037962
427.5134342940889,0.01834165020419308
427.6013678553982,-0.04474588937842679
427.6893014167074,0.01220275684644442
427.7772349780166,-0.009050303800291818
427.8651685393259,0.02306115836512793
427.9531021006351,-0.007017162932150142
428.0410356619443,0.006524794488065085
428.1289692232535,0.01050717453687142
428.2169027845628,0.005701278299353481
428.304836345872,-0.03519621634434347
428.3927699071812,-0.01848304807879323
428.4807034684904,-0.02419638920724558
428.5686370297997,-0.0337341758020426
428.656570591109,-0.02677600010823027
428.7445041524182,0.007680275369267223
428.8324377137274,-0.0658818568902554
428.9203712750366,0.003982319154603328
429.0083048363459,-0.05472613173606023
429.0962383976551,0.0008879846672705184
429.1841719589643,-0.01338850322713978
429.2721055202736,-0.01613581534635992
429.3600390815828,0.01538445494605531
429.447972642892,-0.01885051529929989
429.5359062042013,-0.03099880477331666
429.6238397655105,0.02812991982079215
429.7117733268198,-0.002412291141965913
429.799706888129,-0.0009205700189511535
429.8876404494382,0.04021792693591896
429.9755740107474,-0.001168579717690157
430.0635075720567,-0.01318224721313259
430.1514411333659,0.01968484269498569
430.2393746946751,0.02196173056206564
430.3273082559843,-0.02062300186177203
430.4152418172936,0.07133956959352841
430.5031753786028,-0.0183021524962352
430.5911089399121,0.002165800102845821
430.6790425012213,-0.005847172082688125
430.7669760625305,-0.01052046934307992
430.8549096238398,0.02675568761016437
430.942843185149,0.01691428418617781
431.0307767464582,0.01500132945043302
431.1187103077675,0.02286531203401344
431.2066438690767,-0.01599163598002162
431.2945774303859,-0.02900906741165792
431.3825109916951,-0.03879114017369004
431.4704445530044,-0.02032429905239539
431.5583781143137,-0.04564375664226409
431.6463116756229,-0.01064161603422078
431.7342452369321,0.03556866067269431
431.8221787982413,0.004334170254967662
431.9101123595506,-0.008334470895921011
431.9980459208598,-0.00103265900142085
432.085979482169,-0.0527665048960643
432.1739130434783,-0.01535701583797123
432.2618466047875,0.0144984045969684
432.3497801660967,-0.02354310107033189
432.4377137274059,-0.03866518245266168
432.5256472887152,0.03892861640412379
432.6135808500244,0.002391455780456922
432.7015144113337,-0.04520483814380898
432.7894479726429,0.08198068201045881
432.8773815339521,-0.02001637883845929
432.9653150952614,-0.001406709483012086
433.0532486565706,-0.00772504787001753
433.1411822178798,-0.001545611619202807
433.229115779189,-0.03797390062320261
433.3170493404983,0.02373115622586791
433.4049829018075,-0.01181041484231625
433.4929164631168,0.0009090859412336798
433.580850024426,-0.001157183050815013
433.6687835857352,-0.0004413950808886445
433.7567171470445,-0.0005507291752160832
433.8446507083537,-0.02562999859766964
433.9325842696629,-0.06463568389182692
434.0205178309722,0.04233877256430008
434.1084513922814,-0.02098041627754935
434.1963849535906,-0.01022196893199419
434.2843185148998,0.03104645011869267
434.3722520762091,0.003247936648596951
434.4601856375183,-0.002064404234271653
434.5481191988276,-0.02166300701611876
434.6360527601368,-0.04694380514287566
434.723986321446,-0.01853585338873796
434.8119198827553,0.03088302378523038
434.8998534440645,-0.009929943110391797
434.9877870053737,-0.006498360437866719
435.0757205666829,-0.07489018725393277
435.1636541279922,0.01770405303563121
435.2515876893014,0.06507676907541192
435.3395212506106,-0.01547577927235505
435.4274548119199,0.004030203915846356
435.5153883732291,0.03873700249634993
435.6033219345384,-0.0004707237353191631
435.6912554958476,0.02600007969504144
435.7791890571568,0.02312815354893149
435.8671226184661,-0.02195283395341485
435.9550561797753,0.03400536677174427
436.0429897410845,-0.03221081075077554
436.1309233023937,0.009421217340649541
436.218856863703,0.01584996784017007
436.3067904250122,-0.02838695603733491
436.3947239863214,-0.01048728236572539
436.4826575476307,0.0382499993641712
436.5705911089399,-0.04044863175851489
436.6585246702492,0.04023363377593989
436.7464582315584,0.009535548044116826
436.8343917928676,0.03585256142753938
436.9223253541768,0.02185823226609039
437.0102589154861,-0.01820143983500924
437.0981924767953,0.005704208693526216
437.1861260381045,-0.0317429866477628
437.2740595994138,0.00565816248843111
437.361993160723,-0.003466502407180184
437.4499267220322,0.01893751993180143
437.5378602833415,0.08679057066407551
437.6257938446507,0.009109194419968629
437.71372740596,0.01465461432240455
437.8016609672692,0.03920962925610836
437.8895945285784,-0.02586331782225689
437.9775280898876,-0.006661618064974463
438.0654616511969,0.04682477334886043
438.1533952125061,-0.02068706596656961
438.2413287738153,0.05048594477172694
438.3292623351246,-0.001727396856326945
438.4171958964338,-0.01600151356398322
438.5051294577431,-0.07039832195230819
438.5930630190523,0.03078974375905905
438.6809965803615,-0.003799665219720727
438.7689301416708,0.0231854145158154
438.85686370298,-0.03746333529827765
438.9447972642892,-0.003862184323606074
439.0327308255984,0.02154341466705872
439.1206643869077,0.014388932074591
439.2085979482169,-0.04405843620309861
439.2965315095261,-0.02745702521909195
439.3844650708353,-0.03884320315261625
439.4723986321446,-0.01629476763450372
439.5603321934539,-0.03394033932639298
439.6482657547631,0.003444114604425258
439.7361993160723,0.03858348123721717
439.8241328773815,-0.02336199131601475
439.9120664386908,0.01731423104892058
440,-0.0920318532988148
